trade_date,Month-end trading day / open,Month-end trading day / close,Reference code calendar / open
2020-04-30,1.0081348138512145,0.9994975643843486,1.0081348138512145
2020-05-06,1.0075501832852638,0.9988772984873969,1.0075501832852638
2020-05-07,1.0049680140138848,0.9963136965638163,1.0049680140138848
2020-05-08,1.0130634566725605,1.0043330372575205,1.0130634566725605
2020-05-11,1.0138148138212524,1.0050800709979242,1.0138148138212524
2020-05-12,1.009198431602127,1.0004995178312845,1.009198431602127
2020-05-13,1.0101354420538398,1.0014378555324248,1.0101354420538398
2020-05-14,1.0014685668367769,0.9928365095418509,1.0014685668367769
2020-05-15,1.0010709749561224,0.9924084556746846,1.0010709749561224
2020-05-18,1.0056333779975504,0.996920565609805,1.0056333779975504
2020-05-19,1.0107951877860029,1.0020455451930006,1.0107951877860029
2020-05-20,1.0080976253693223,0.9993464859915067,1.0080976253693223
2020-05-21,1.0061739812627344,0.9974602090216313,1.0061739812627344
2020-05-22,0.9917966543155201,0.9831732153764564,0.9917966543155201
2020-05-25,0.996805415899308,0.9881727194979059,0.996805415899308
2020-05-26,1.0030031912185724,0.9943197151527815,1.0030031912185724
2020-05-27,1.0081075840494387,0.9993396164992747,1.0081075840494387
2020-05-28,1.012247188195121,1.0034726960216735,1.012247188195121
2020-05-29,1.0119462935560877,1.0031369813097304,1.0119462935560877
2020-06-01,1.0278326842080727,1.018832854164376,1.0278326842080727
2020-06-02,1.0312564166641924,1.0222299586795416,1.0312564166641924
2020-06-03,1.0291378077596818,1.020115028847918,1.0291378077596818
2020-06-04,1.0284206862945373,1.019411920188867,1.0284206862945373
2020-06-05,1.0296821317122262,1.0206866261911614,1.0296821317122262
2020-06-08,1.0327710912386283,1.0237326438222643,1.0327710912386283
2020-06-09,1.0383411379010052,1.029241145514965,1.0383411379010052
2020-06-10,1.0339395450546902,1.0248398823782008,1.0339395450546902
2020-06-11,1.026886174918618,1.0177899766105942,1.026886174918618
2020-06-12,1.02943175049134,1.0202470934921821,1.02943175049134
2020-06-15,1.024187063531579,1.014971331958223,1.024187063531579
2020-06-16,1.0384258745424573,1.0290590158494937,1.0384258745424573
2020-06-17,1.0416532650484556,1.0322582198281134,1.0416532650484556
2020-06-18,1.046794823276493,1.0373528229091862,1.046794823276493
2020-06-19,1.0482014555313415,1.038796556090592,1.0482014555313415
2020-06-22,1.0427976282328237,1.0334244692697818,1.0427976282328237
2020-06-23,1.041923957139226,1.032555594047452,1.041923957139226
2020-06-24,1.0458769990058867,1.0365239477639387,1.0458769990058867
2020-06-29,1.0401532606589023,1.0308442892818674,1.0401532606589023
2020-06-30,1.0498725307972123,1.0403921220270527,1.0498725307972123
2020-07-01,1.0703242930971717,1.06065134979254,1.0703242930971717
2020-07-02,1.1017691050647322,1.0917286177347276,1.1017691050647322
2020-07-03,1.126235355602467,1.1158657650875825,1.126235355602467
2020-07-06,1.20185272130289,1.1907763847438477,1.20185272130289
2020-07-07,1.1978636980924835,1.186649082481182,1.1978636980924835
2020-07-08,1.2130459404487948,1.2016344846582288,1.2130459404487948
2020-07-09,1.2225135080212342,1.2109896505087951,1.2225135080212342
2020-07-10,1.1968101815123628,1.18545682243362,1.1968101815123628
2020-07-13,1.2163113485157846,1.2047398541464918,1.2163113485157846
2020-07-14,1.206390654404194,1.1948771553082669,1.206390654404194
2020-07-15,1.1825743960097472,1.1713747306718627,1.1825743960097472
2020-07-16,1.1466842251110518,1.1359504652891268,1.1466842251110518
2020-07-17,1.1425361599207464,1.131893189111515,1.1425361599207464
2020-07-20,1.1824509664264602,1.171418385664622,1.1824509664264602
2020-07-21,1.1777851776098252,1.1667781825339327,1.1777851776098252
2020-07-22,1.1786917964112287,1.1676354934448931,1.1786917964112287
2020-07-23,1.1692440565745046,1.1582108206616444,1.1692440565745046
2020-07-24,1.1323892001201243,1.121777557883697,1.1323892001201243
2020-07-27,1.1290685917199645,1.1185431667334969,1.1290685917199645
2020-07-28,1.1351967692208542,1.1245977798030669,1.1351967692208542
2020-07-29,1.1551925000813066,1.1443159449887683,1.1551925000813066
2020-07-30,1.149325251599724,1.1385009819344576,1.149325251599724
2020-07-31,1.1520032383157846,1.1411287738365403,1.1520032383157846
2020-08-03,1.1710559608444726,1.1599426897458993,1.1710559608444726
2020-08-04,1.1749411624714718,1.1639754589562155,1.1749411624714718
2020-08-05,1.1674627168540896,1.1565767935863285,1.1674627168540896
2020-08-06,1.168006188929397,1.1571163077052988,1.168006188929397
2020-08-07,1.1584602914720161,1.1476710941681993,1.1584602914720161
2020-08-10,1.1682643900275875,1.1573614393291258,1.1682643900275875
2020-08-11,1.1614300267354418,1.1506600551361157,1.1614300267354418
2020-08-12,1.163704171009261,1.1529624168766572,1.163704171009261
2020-08-13,1.1651144307181522,1.1543898536001487,1.1651144307181522
2020-08-14,1.1778467998305169,1.1670647645002985,1.1778467998305169
2020-08-17,1.205905094246465,1.1948976057977316,1.205905094246465
2020-08-18,1.2030967282768923,1.1920749121555136,1.2030967282768923
2020-08-19,1.1931117117844519,1.182268930012212,1.1931117117844519
2020-08-20,1.1794809119685723,1.168729541503486,1.1794809119685723
2020-08-21,1.185938597786769,1.1751050830828573,1.185938597786769
2020-08-24,1.1818529703355258,1.1710255654697763,1.1818529703355258
2020-08-25,1.175866363755526,1.1651439169155338,1.175866363755526
2020-08-26,1.1635876157727891,1.1530286941006596,1.1635876157727891
2020-08-27,1.1661779907280732,1.1555992964198354,1.1661779907280732
2020-08-28,1.1838191260153372,1.1731226654546631,1.1838191260153372
2020-08-31,1.1796907606818334,1.168525144575429,1.1796907606818334
2020-09-01,1.1831265285097474,1.1719480220554779,1.1831265285097474
2020-09-02,1.1801381334377294,1.168968822463064,1.1801381334377294
2020-09-03,1.1768162532951842,1.1656634963560393,1.1768162532951842
2020-09-04,1.1695404495980835,1.1584763969291862,1.1695404495980835
2020-09-07,1.1604403434775576,1.14946385127945,1.1604403434775576
2020-09-08,1.17224066045085,1.1611973694400581,1.17224066045085
2020-09-09,1.1615736623227797,1.150651222042544,1.1615736623227797
2020-09-10,1.1494708413522299,1.1387046669862908,1.1494708413522299
2020-09-11,1.1525315255862771,1.141706255745182,1.1525315255862771
2020-09-14,1.157603480310473,1.1467408957707514,1.157603480310473
2020-09-15,1.1597891890272094,1.1488940787029287,1.1597891890272094
2020-09-16,1.1617772417578667,1.1508456170563834,1.1617772417578667
2020-09-17,1.1594705897896702,1.148517011483511,1.1594705897896702
2020-09-18,1.1756041233864454,1.1645475199635078,1.1756041233864454
2020-09-21,1.1698354314183068,1.1587813839632812,1.1698354314183068
2020-09-22,1.1560654416273344,1.1451498687350272,1.1560654416273344
2020-09-23,1.1547613102682586,1.1438393641775846,1.1547613102682586
2020-09-24,1.132528895110114,1.1218302819382744,1.132528895110114
2020-09-25,1.1269545537749808,1.1162882599319486,1.1269545537749808
2020-09-28,1.1261215901401498,1.1154744564327979,1.1261215901401498
2020-09-29,1.1275924537518902,1.1169351823459597,1.1275924537518902
2020-09-30,1.1212993934665878,1.1106968614533272,1.1212993934665878
2020-10-09,1.1374762316720075,1.1266616010402914,1.1374762316720075
2020-10-12,1.1606834161589987,1.1496714482844215,1.1606834161589987
2020-10-13,1.1581772235983263,1.1471647276927708,1.1581772235983263
2020-10-14,1.1561090602768327,1.1450792109679302,1.1561090602768327
2020-10-15,1.1532823707307254,1.1423140209707763,1.1532823707307254
2020-10-16,1.157833242873438,1.1468471965227263,1.157833242873438
2020-10-19,1.1533405153742877,1.1423816914554905,1.1533405153742877
2020-10-20,1.1535726049706463,1.142559204687753,1.1535726049706463
2020-10-21,1.1550028597283208,1.1440249696138503,1.1550028597283208
2020-10-22,1.1512607101095325,1.1402975871814842,1.1512607101095325
2020-10-23,1.1486259954691391,1.1376619321984338,1.1486259954691391
2020-10-26,1.140828477286761,1.129927295086001,1.140828477286761
2020-10-27,1.1368641831869986,1.1259704709168972,1.1368641831869986
2020-10-28,1.1338410886115662,1.122927049967815,1.1338410886115662
2020-10-29,1.1330964781135668,1.1222202881302379,1.1330964781135668
2020-10-30,1.1196867213689718,1.1062285171925423,1.117779392629095
2020-11-02,1.119127036516707,1.105719207047761,1.119777897460582
2020-11-03,1.132781339927269,1.1192219719236032,1.1313496428888905
2020-11-04,1.1326762879830823,1.1190616027149984,1.1330353094445793
2020-11-05,1.1452125925993746,1.131626990764651,1.145511449578612
2020-11-06,1.149110076834001,1.1355571186675164,1.1473593737540086
2020-11-09,1.1635897807037057,1.1499584873833417,1.159875495408769
2020-11-10,1.1595529769647486,1.1459750377104496,1.1540345025217154
2020-11-11,1.1651876125393952,1.1516998592409966,1.1595221823388215
2020-11-12,1.1603790604990665,1.1467255469253514,1.1578150530250684
2020-11-13,1.1491318121687644,1.1355602714339499,1.1447166334873575
2020-11-16,1.168417314861713,1.1547596420377015,1.161065407083593
2020-11-17,1.1734308355470406,1.1600665165261206,1.1664832583833606
2020-11-18,1.1769750872826241,1.1634219258493421,1.171857681678088
2020-11-19,1.1760714059682407,1.1626366951160083,1.17288533811717
2020-11-20,1.1769874907218418,1.1633347827931089,1.1733131740588858
2020-11-23,1.190180073229105,1.1764893850062834,1.1845387010373467
2020-11-24,1.18582802099349,1.172017714073242,1.1799098604537304
2020-11-25,1.1755767129320258,1.1617264353301182,1.1679445414855814
2020-11-26,1.1798624441476901,1.1657972930734952,1.1727425553191422
2020-11-27,1.1897319886741435,1.1757294407669947,1.1825127184928754
2020-11-30,1.1836221194180758,1.1697713430158727,1.1759762337832873
2020-12-01,1.200344911115472,1.186458477825534,1.191222971911028
2020-12-02,1.2020087398534798,1.188199091380115,1.1913383761095022
2020-12-03,1.1980082183819525,1.1841028447303519,1.1886869537274847
2020-12-04,1.1900018680790299,1.1760607059682209,1.1812485133167172
2020-12-07,1.174544382910108,1.1605233316734893,1.1641991514548178
2020-12-08,1.1676465295468936,1.153518762499815,1.1586190486713355
2020-12-09,1.1560665794676703,1.1419668161721028,1.147843682502504
2020-12-10,1.15545611464865,1.1412726297196987,1.147778832010872
2020-12-11,1.1454002586016838,1.131431510761146,1.139845021718796
2020-12-14,1.1430608912066103,1.1292448177056318,1.138442844719108
2020-12-15,1.1421924615774308,1.1282184597894063,1.1387334531823199
2020-12-16,1.1388794870948624,1.1249013627809474,1.13676755653046
2020-12-17,1.1513288794459924,1.1372077340854496,1.1456041360819236
2020-12-18,1.152104920685573,1.137918831680251,1.146452157254313
2020-12-21,1.1517875817699506,1.1374495433321088,1.1453451028167219
2020-12-22,1.1286254644723757,1.1144434084669477,1.1243283179443757
2020-12-23,1.1310463943930211,1.116701948614601,1.1257651958738528
2020-12-24,1.1220348591219713,1.1076412321072657,1.118003359145183
2020-12-25,1.1342816069267165,1.1198138460761302,1.1279977188645864
2020-12-28,1.1316002539959313,1.117219520448229,1.1236063971799668
2020-12-29,1.1271457127748712,1.1129753886908698,1.1183823610565056
2020-12-30,1.1295087335880434,1.1152733257876197,1.118878459157122
2020-12-31,1.1364434418215859,1.1219516908688056,1.125307849902541
2021-01-04,1.133254445853633,1.1189404238753633,1.122259691794979
2021-01-05,1.1332158837742476,1.1187931260539563,1.1220123223018401
2021-01-06,1.1384603010946575,1.1239817689420901,1.1272523187969306
2021-01-07,1.1334277521653726,1.1189991204881449,1.1219451841045294
2021-01-08,1.1392112640022474,1.1246829365200406,1.1276677238985893
2021-01-11,1.1261846295566318,1.1117298724555895,1.114989263029
2021-01-12,1.1346075267968003,1.1200803497311351,1.1230914520467348
2021-01-13,1.140851717091722,1.12622596024679,1.1289144552342072
2021-01-14,1.1474276490623219,1.132763080384664,1.1357456933424888
2021-01-15,1.1534096395055295,1.1386877606108574,1.141537505199582
2021-01-18,1.1563942855605784,1.1415974151276567,1.144720680127817
2021-01-19,1.162624930144507,1.147646517365119,1.1508419159095025
2021-01-20,1.1545636444326957,1.1396899256131883,1.1428976762845011
2021-01-21,1.1559711367336243,1.141130766155727,1.144389736976196
2021-01-22,1.1405691241791633,1.1259696703438469,1.1293831567888635
2021-01-25,1.132645089458183,1.1181593722599352,1.121730442155193
2021-01-26,1.1306862440592946,1.1161845897440459,1.1197961927422508
2021-01-27,1.1360163658715532,1.121529979961137,1.125171194861089
2021-01-28,1.1240925347773414,1.1097695655482713,1.1134403028550046
2021-01-29,1.118333194721387,1.1040824841267265,1.107632772781933
2021-02-01,1.1249951431339043,1.1106489422405692,1.1139472226992664
2021-02-02,1.1238799201429222,1.1093927092961668,1.1129126741603457
2021-02-03,1.1179178248258739,1.1035555596494762,1.1072276286005942
2021-02-04,1.1120550174909134,1.0978114401619934,1.101521959742989
2021-02-05,1.1215593424993375,1.1071144705917204,1.1107349083575322
2021-02-08,1.127572467986249,1.113075219480224,1.116814556414609
2021-02-09,1.1333873463487187,1.1188637851727243,1.122468900773512
2021-02-10,1.13628271005199,1.1217575863218792,1.1253809111046391
2021-02-18,1.1544788887404112,1.1396397311026722,1.143138440360059
2021-02-19,1.1763749434510462,1.161274054422776,1.1644677970934283
2021-02-22,1.1842337453721485,1.1690449128401683,1.171856638846395
2021-02-23,1.1783530169336491,1.163290081963564,1.1662458762310186
2021-02-24,1.1688777877714691,1.1539207578399957,1.1569853795006422
2021-02-25,1.1882456082953707,1.1728616090192283,1.1759063418724949
2021-02-26,1.1681646220391464,1.1530609676922086,1.1561828023535627
2021-03-01,1.1748972667249367,1.1597183887517477,1.1628243796089373
2021-03-02,1.1717237352704708,1.156587504612252,1.159721730054502
2021-03-03,1.1973217707734276,1.1819233597194,1.1846768503788252
2021-03-04,1.1950422300655144,1.1797435165946268,1.1823371531374303
2021-03-05,1.1899579354741965,1.174781166247976,1.1773218527614961
2021-03-08,1.1895043211651202,1.1743614384586953,1.1766134605584335
2021-03-09,1.1849991719814301,1.1699607686537878,1.1721408151559216
2021-03-10,1.1757244269814826,1.1607888207724057,1.1629141111091734
2021-03-11,1.2004148662285026,1.1852430681268138,1.1868966140232096
2021-03-12,1.2172732620679745,1.2019067531593066,1.203481588763849
2021-03-15,1.2236628282429456,1.208246906857017,1.2096733576044785
2021-03-16,1.2318497624452607,1.21622356620499,1.217697272324529
2021-03-17,1.2193348373498214,1.2038881425614434,1.2057310114936242
2021-03-18,1.219485184589786,1.204053705879217,1.2058673508018851
2021-03-19,1.208695531346149,1.1934715160252598,1.1950669639119018
2021-03-22,1.2272436588312,1.2118403639367923,1.2131263012463298
2021-03-23,1.2150033113291951,1.1997345556924022,1.2012702201342236
2021-03-24,1.201939010200117,1.1868102045423503,1.1878425344492112
2021-03-25,1.1967066404205484,1.1816273217923616,1.1826236419799356
2021-03-26,1.205998480308497,1.190816387099579,1.1919405520747282
2021-03-29,1.2163797365157787,1.201102196262923,1.2017159921008918
2021-03-30,1.216483374003458,1.2011856959228264,1.2019003114720046
2021-03-31,1.2215914310528417,1.2063219800392686,1.2072118974526924
2021-04-01,1.2232043686991247,1.2079163220959848,1.2089435942233226
2021-04-02,1.2140625149672915,1.1988032402916138,1.1999337718417324
2021-04-06,1.2131441124601443,1.1978745287380594,1.1990005692157664
2021-04-07,1.2202468834413147,1.2048723521598252,1.205992066627301
2021-04-08,1.2147045012652213,1.1994062804145988,1.2004719445179184
2021-04-09,1.2161058950257766,1.200822520038335,1.2015039012742454
2021-04-12,1.218275778746897,1.2029767683452037,1.2035782967063757
2021-04-13,1.2072400937414118,1.1920655302218879,1.1926662647684971
2021-04-14,1.2097362642574823,1.1945053291179335,1.1951372702049519
2021-04-15,1.2027838505821944,1.1876244012140658,1.1879203316832323
2021-04-16,1.2149088140278892,1.1995718657684213,1.1993652221119544
2021-04-19,1.2154978408451333,1.200159484292801,1.2000581407482107
2021-04-20,1.2128168826369214,1.1975170931851908,1.1975949088067819
2021-04-21,1.2118357953254038,1.1965752107236938,1.1965494496639146
2021-04-22,1.2114592326359515,1.1962241192174305,1.196379399468219
2021-04-23,1.209326542216089,1.194135754088457,1.1943238563134972
2021-04-26,1.2001375929266724,1.1850642174864927,1.1852485942314697
2021-04-27,1.199650373084546,1.1846082101584736,1.1850247612206966
2021-04-28,1.2053736429137192,1.1902492423999933,1.1906362910535713
2021-04-29,1.2117218576930349,1.1964834253052175,1.196746560059441
2021-04-30,1.1973539889601776,1.181729244736129,1.183037231686289
2021-05-06,1.2031753888581702,1.1874350548099557,1.1888236681421538
2021-05-07,1.209567418941317,1.1937421930493055,1.19509447455909
2021-05-10,1.210453505521979,1.1945969663224159,1.1959885701015827
2021-05-11,1.2148212478143752,1.198975927243303,1.2003320269705577
2021-05-12,1.2202497903705651,1.204335164698242,1.2056952755083221
2021-05-13,1.2152212148208061,1.199320163511531,1.200769556720388
2021-05-14,1.22338318941886,1.207403755481548,1.2086769357577358
2021-05-17,1.2214087570856833,1.205375866015647,1.2066012693832329
2021-05-18,1.2231400815329916,1.207102193041157,1.2083664214526
2021-05-19,1.2138113665920678,1.1978658791255818,1.1990324549494624
2021-05-20,1.2099951323839628,1.1940869039483784,1.1952042263576133
2021-05-21,1.207310040581555,1.1915128972714149,1.1926528975471142
2021-05-24,1.2100412590943115,1.1941576490859351,1.1950097560119153
2021-05-25,1.2215115072875113,1.205457234033963,1.2064724298031615
2021-05-26,1.2249595266667503,1.2089667475677373,1.209804087274676
2021-05-27,1.2234629763922849,1.207711475953239,1.208449854969173
2021-05-28,1.2212060559607532,1.205429101387461,1.2061215783533663
2021-05-31,1.2208817771603282,1.2050519128514598,1.2057376562251632
2021-06-01,1.220167237680542,1.2042949077645682,1.2052166937312083
2021-06-02,1.2207432155483489,1.2049126304054503,1.2057905742483337
2021-06-03,1.2251382076624149,1.2091667871060932,1.210390650939497
2021-06-04,1.2247554930444067,1.2087065190612536,1.2098432522810687
2021-06-07,1.2205304033020283,1.204620308830195,1.205604095716241
2021-06-08,1.2247133342519176,1.2086208117389847,1.209786723030027
2021-06-09,1.2275274671338576,1.2113665922759582,1.2125890222307367
2021-06-10,1.225908352459981,1.2097634473456538,1.2110675394155859
2021-06-11,1.22596303148955,1.2098347692715834,1.2110111993519566
2021-06-15,1.2162892128721792,1.2002483315099137,1.2014468317706466
2021-06-16,1.2175359250546545,1.2015448929912762,1.202476509611976
2021-06-17,1.2124688445191552,1.1965670158656445,1.1975198782981828
2021-06-18,1.2083671669178813,1.1924433265780292,1.1933064001557092
2021-06-21,1.2050263006711797,1.189225552170924,1.1898139557039284
2021-06-22,1.2100328131886362,1.194163082627389,1.1947851873812494
2021-06-23,1.2124016247650964,1.196383945086575,1.197160850859454
2021-06-24,1.2145226654804666,1.1985310021996285,1.1992924081581926
2021-06-25,1.2201934074447236,1.204148945611779,1.2049016033045388
2021-06-28,1.2161857058552512,1.200167637920635,1.2008098869625652
2021-06-29,1.2086440556829494,1.192775058154562,1.193509095552135
2021-06-30,1.2108345682976214,1.194883095559619,1.1958489670324577
2021-07-01,1.2149959630212994,1.1989994514703126,1.2002805561497156
2021-07-02,1.2105374526348722,1.1944906488209897,1.1959734164066498
2021-07-05,1.2097432989507242,1.193724122570393,1.195251758008564
2021-07-06,1.2189117125498024,1.202841890194851,1.2042160701580265
2021-07-07,1.2170239762362594,1.2009933277586586,1.2023727922141036
2021-07-08,1.2078447439340085,1.192080836524234,1.1932779329803243
2021-07-09,1.2097092454172327,1.1938901778296644,1.1950536399836509
2021-07-12,1.207084287618241,1.1912313287117244,1.1925296215028363
2021-07-13,1.2147791380106672,1.1987649469712818,1.200059124166454
2021-07-14,1.2057416135831682,1.1897710310292757,1.1911671955617682
2021-07-15,1.2126698776530351,1.1965306493169614,1.1980640955510704
2021-07-16,1.2122753997581737,1.1961594083217133,1.1975465574254227
2021-07-19,1.2043538986931877,1.188448448435438,1.1899181379353883
2021-07-20,1.1976383256486978,1.18186559353016,1.183299783677262
2021-07-21,1.1981563773192712,1.1823755182117908,1.183618618472524
2021-07-22,1.2035415174574808,1.1876634528859116,1.1888999079928282
2021-07-23,1.1997870306599305,1.1839650916597708,1.1851962262630367
2021-07-26,1.180365560209092,1.164714914052683,1.1659357542541344
2021-07-27,1.1625839512247127,1.1470960587326917,1.1484975369068968
2021-07-28,1.1602388586874608,1.1447350771840674,1.14625545611158
2021-07-29,1.1581369263990866,1.1426213892159163,1.144240109033904
2021-07-30,1.1559153589294555,1.140498112617709,1.1420735035482175
2021-08-02,1.1653049068267887,1.1497582961498238,1.1512708173550377
2021-08-03,1.162671719539331,1.147177898180996,1.1486242643609998
2021-08-04,1.1603392324330186,1.1448091379943368,1.1462606888002707
2021-08-05,1.158881722801265,1.1433874288042853,1.1446977762310235
2021-08-06,1.1601956894118424,1.1446385959113043,1.1460242855343237
2021-08-09,1.1768427259062786,1.1610654990703952,1.1624423706620224
2021-08-10,1.1849092569921371,1.169076400563726,1.1702100341907162
2021-08-11,1.1926489325804597,1.1766646741122864,1.1776737857517414
2021-08-12,1.1912872460346136,1.1753049946058611,1.1765012533587083
2021-08-13,1.1947270642322918,1.1786311960746416,1.17963053122254
2021-08-16,1.2012051110599582,1.185029084647299,1.1859670816646022
2021-08-17,1.187074457407657,1.17107595906603,1.1721525964771606
2021-08-18,1.2004347582092705,1.1843044334697856,1.185471103189674
2021-08-19,1.1899205251751899,1.173892269748369,1.1751308714940019
2021-08-20,1.1900208513806112,1.1739791869344005,1.175202033356509
2021-08-23,1.1977101127925802,1.1814624030551757,1.182848076702796
2021-08-24,1.2046846227130859,1.1883252908435074,1.1898627991790869
2021-08-25,1.2096597336159693,1.1932031872283329,1.194717770177113
2021-08-26,1.2098847564350224,1.1934299199032334,1.1947251719959842
2021-08-27,1.2164828751455352,1.2000264873363125,1.2008608834687635
2021-08-30,1.2182309011794172,1.2016238956768819,1.2025281474090739
2021-08-31,1.2317421927643144,1.2201959790361017,1.2158626363998868
2021-09-01,1.251269226802225,1.2390538300009892,1.2351566577500228
2021-09-02,1.2600251601097332,1.2478299900768597,1.2438171653727228
2021-09-03,1.264668281459317,1.2530595516432614,1.2484310421879627
2021-09-06,1.2752223410422736,1.2633656259346806,1.2588821832452137
2021-09-07,1.2871434906391368,1.2747539346618373,1.2706903148753756
2021-09-08,1.2966078576123583,1.2842504599337645,1.279942017183421
2021-09-09,1.3088241368848388,1.2950721562385303,1.292069076589504
2021-09-10,1.306172073955712,1.2929209626048483,1.2894141186811445
2021-09-13,1.3179832724327298,1.3042452261983257,1.3011592938255152
2021-09-14,1.2902213469962618,1.2775163211243694,1.2737555037854582
2021-09-15,1.2890012484161806,1.2762244427338425,1.2725385717994537
2021-09-16,1.2758742323727632,1.2635007089254866,1.2596836001716103
2021-09-17,1.275346650957788,1.2631883654926261,1.2592003138597228
2021-09-22,1.2850836446254825,1.2725741425054713,1.2688911142782255
2021-09-23,1.3022127804398584,1.2892577762636155,1.2857573357246668
2021-09-24,1.282597729465587,1.2707150750765908,1.266332081721343
2021-09-27,1.264439913149108,1.2533256691700325,1.2484600086533668
2021-09-28,1.281349235425973,1.2698651878970866,1.2651407864956152
2021-09-29,1.2649221663732775,1.2544631517074307,1.2489254691201528
2021-09-30,1.2657307315882806,1.2551435482740312,1.2496645952183723
2021-10-08,1.280535884430574,1.2698242453683535,1.2642777363261832
2021-10-11,1.2781945475533942,1.2684530265334228,1.2620092480352927
2021-10-12,1.2633705190775204,1.2542149460120533,1.2472868113027697
2021-10-13,1.2561648863065071,1.2471256945561855,1.2401615774388866
2021-10-14,1.24903119316295,1.2400919911682327,1.2331622689390624
2021-10-15,1.2406480683604735,1.232127941141599,1.2249256719428294
2021-10-18,1.243136163728439,1.2344655252730243,1.2274256398425667
2021-10-19,1.249795694509513,1.2411158092545909,1.234020184318273
2021-10-20,1.2463209750045887,1.2377649200946295,1.230588424764911
2021-10-21,1.2541795673651845,1.2456572072841443,1.2383707936938666
2021-10-22,1.2473689140480206,1.2391209777608458,1.2314936958133815
2021-10-25,1.243887480357965,1.2356907670679387,1.2281321319282577
2021-10-26,1.236387137404478,1.2282328233381659,1.2207064059305806
2021-10-27,1.222860570806865,1.2153581489245007,1.207365215767186
2021-10-28,1.2112619333882173,1.2041959992663522,1.1959332257156603
2021-10-29,1.221525525148659,1.2060558064590032,1.1987699324800838
2021-11-01,1.231413613174537,1.2144845015248686,1.2029158606492234
2021-11-02,1.2188913094986908,1.201919305006493,1.1842999502628886
2021-11-03,1.2264208153779883,1.20930135888986,1.1917551299087723
2021-11-04,1.232657942044182,1.21539520647903,1.193085011155549
2021-11-05,1.2215536052858837,1.204845025398913,1.18156756684572
2021-11-08,1.2208193533831564,1.2045484583911195,1.1799254523537648
2021-11-09,1.2224933280963637,1.206425440430488,1.1793128804949604
2021-11-10,1.223337150568612,1.2075208422647326,1.1790452335107915
2021-11-11,1.2393860468802789,1.2232900597337542,1.19577595346534
2021-11-12,1.2407442659632069,1.2243705212643547,1.1896964276339042
2021-11-15,1.2506828911940036,1.2339217497621255,1.1970825766796322
2021-11-16,1.2456927391404111,1.2293663593482789,1.191000795428715
2021-11-17,1.2484194720889426,1.2314681633354132,1.191076932593878
2021-11-18,1.2400802927710168,1.223902827952407,1.1842295058346777
2021-11-19,1.2514323402787277,1.235432468387727,1.1947262758235067
2021-11-22,1.2515670068845322,1.235071786650419,1.190512464872262
2021-11-23,1.2574651465904745,1.2399465542004626,1.194551655770742
2021-11-24,1.259185434829135,1.2410971365421692,1.1985375049564444
2021-11-25,1.2565085836264638,1.23847073495472,1.1974452043839119
2021-11-26,1.2524515223029957,1.2351859721655913,1.1910439814643379
2021-11-29,1.2473733148939126,1.2298336999352721,1.1864124506107914
2021-11-30,1.2512364619287744,1.233569099748291,1.1862065143541856
2021-12-01,1.2651039001013458,1.2468112212646467,1.1978340145709918
2021-12-02,1.2649933509489544,1.2469136894855446,1.199391465685681
2021-12-03,1.270762707180915,1.2521812115379,1.2071071580428723
2021-12-06,1.265108066132902,1.2462652066101512,1.2039932034856462
2021-12-07,1.2711136652029937,1.2522877706579092,1.2152112164777134
2021-12-08,1.2765119113574332,1.2566447101475788,1.217424647937387
2021-12-09,1.2853158547655474,1.264480856117813,1.2296317104016852
2021-12-10,1.2814456698226249,1.2615407267198808,1.2214915318155968
2021-12-13,1.2905615706699134,1.2695359125018777,1.2220959186682836
2021-12-14,1.2880275816698041,1.2667847511099488,1.2147203777001077
2021-12-15,1.2888419736500538,1.2686229802265654,1.2184763788591433
2021-12-16,1.3028245840882116,1.282577418136858,1.2273276510853508
2021-12-17,1.297752223147352,1.2778893486293146,1.2235245086200413
2021-12-20,1.2976985050205303,1.2778111570293633,1.222096325027198
2021-12-21,1.3155252104221253,1.2955176622638591,1.2391824313161677
2021-12-22,1.3159710480848112,1.295685566805033,1.2358734875319843
2021-12-23,1.3158236071604261,1.2962199372514887,1.2389323036362412
2021-12-24,1.3101254335318708,1.29080834620215,1.2385048410477606
2021-12-27,1.3197292148347117,1.2987651595598029,1.2451374753275493
2021-12-28,1.3169578959110728,1.2970099717611274,1.2396621767975442
2021-12-29,1.3130247424625476,1.2933431214590505,1.2349450315766544
2021-12-30,1.3201381863992305,1.3001380038050434,1.2418621704199626
2021-12-31,1.3295416949115646,1.3121072130922926,1.2494772298590284
2022-01-04,1.3504139158875035,1.3326797914548607,1.2689398856693397
2022-01-05,1.350709733822753,1.3332287666273879,1.2696647889688373
2022-01-06,1.3556353532800431,1.3378560935425767,1.273824864144231
2022-01-07,1.368639626773653,1.3509755871500206,1.2864649986492276
2022-01-10,1.3786380582277948,1.3608520529892125,1.2960301440463533
2022-01-11,1.3821173362203976,1.364362639609567,1.2995079130487022
2022-01-12,1.3789134901681126,1.3609282055868066,1.2960243141752739
2022-01-13,1.3732371233978546,1.3554610544369985,1.2905766406115877
2022-01-14,1.3535012638046322,1.3358939850457425,1.2723498329778995
2022-01-17,1.3560527573960584,1.3385081049901653,1.2750883506033852
2022-01-18,1.363472986273831,1.3459781974651537,1.2819151461255027
2022-01-19,1.3726731732361404,1.355087398191355,1.2904059912317871
2022-01-20,1.3707586957844067,1.353302682523836,1.2887210808351077
2022-01-21,1.3560987809528717,1.3386954762417393,1.274380739110031
2022-01-24,1.3533468657469736,1.336082782398314,1.2718851359804333
2022-01-25,1.3174577018682117,1.3008727614693185,1.2385328459522549
2022-01-26,1.3279865123263843,1.311126451066828,1.24825590817487
2022-01-27,1.3099013103077337,1.2933773762410912,1.2315216088097924
2022-01-28,1.3035744306977861,1.2870570126911651,1.2258807221408876
2022-02-07,1.3371125062500144,1.3202025560995618,1.2573134201413454
2022-02-08,1.3631624289151674,1.3458998977799372,1.2815531016723611
2022-02-09,1.3649115042295001,1.3476395305762492,1.2834204506299773
2022-02-10,1.375806741396756,1.358292555023204,1.2933791000056238
2022-02-11,1.3737679505670934,1.3564037653321384,1.291496588213465
2022-02-14,1.3545888624083418,1.3373663384151468,1.2735742551816989
2022-02-15,1.348983161395542,1.331837399018051,1.2682442870058388
2022-02-16,1.3600066579468324,1.3427953360629294,1.2783135240366195
2022-02-17,1.3546014921114313,1.3374561983751365,1.2735558750570832
2022-02-18,1.3735794355151132,1.3562254424627695,1.2911675016830453
2022-02-21,1.374681659689451,1.3573064715472576,1.29185959110398
2022-02-22,1.3599866450194815,1.3428910218835326,1.2784921454761213
2022-02-23,1.3537211542930638,1.3366475228574854,1.272618901546589
2022-02-24,1.329639695573819,1.3128575518884218,1.2501511434055579
2022-02-25,1.3304346943195127,1.313660907934407,1.251021330582351
2022-02-28,1.3299008064126654,1.313076746927782,1.250217746510808
2022-03-01,1.339178370083841,1.3223677352818868,1.2587326527128624
2022-03-02,1.3438072445046794,1.3269102323398185,1.2629613468470948
2022-03-03,1.3589238143134275,1.3419629214015025,1.2772780099346293
2022-03-04,1.3505737517048022,1.3337341981173565,1.269549794152728
2022-03-07,1.3366437208886042,1.3200854506963944,1.2566340395432598
2022-03-08,1.3000774149681376,1.2840021210369534,1.2226126250074436
2022-03-09,1.278319799982876,1.26246351993791,1.202299636180862
2022-03-10,1.2910944957422443,1.2750251947415874,1.2142135347079297
2022-03-11,1.3008653216595996,1.28471935301597,1.2234404279517543
2022-03-14,1.2790345399539582,1.2632410887635896,1.2033072610604691
2022-03-15,1.2124153662492894,1.1975240239183031,1.1411339370936824
2022-03-16,1.2390583323851398,1.2238072647760905,1.1660962448129697
2022-03-17,1.2511888980208925,1.2357967562669805,1.1775252911512357
2022-03-18,1.275651968610453,1.259944501546872,1.2003198623601465
2022-03-21,1.2752966886555963,1.2596104665187815,1.1997464941395197
2022-03-22,1.28964883817608,1.273830788301485,1.213209676258478
2022-03-23,1.288229549546146,1.2724456524494159,1.2117134147242055
2022-03-24,1.2838851074640445,1.2681739678236421,1.207849734058469
2022-03-25,1.2828231827389767,1.2671468011848595,1.2067771498690933
2022-03-28,1.2969326773991225,1.2810714439917914,1.219718001819783
2022-03-29,1.294854018205766,1.2791610457817204,1.2179054219102752
2022-03-30,1.3177725694283242,1.3017668333584074,1.2394409335733432
2022-03-31,1.3284670008769632,1.3123302208567518,1.2491887541624045
2022-04-01,1.3520504159784998,1.3356759661413418,1.2714246518716976
2022-04-06,1.3798492770267843,1.3631006633857135,1.297384541117474
2022-04-07,1.3528553513553134,1.3364912239661528,1.2723147887327215
2022-04-08,1.3638284603879218,1.3474699112586432,1.282715480043909
2022-04-11,1.3388582035520231,1.3228274055328455,1.2595717642843387
2022-04-12,1.3489067440252853,1.3327483977745755,1.2687088550972654
2022-04-13,1.3375560930505734,1.3216008924351708,1.2583881688579166
2022-04-14,1.3500010472526014,1.333693566181316,1.2695520444013708
2022-04-15,1.3524178474749304,1.335890139860059,1.2713655669301642
2022-04-18,1.337857082178457,1.3214890940087067,1.2575524032216392
2022-04-19,1.3461583209360122,1.3296750765260452,1.265431753779704
2022-04-20,1.3267238071939889,1.3103794634126424,1.247295837409187
2022-04-21,1.3021779413735448,1.2861635825186712,1.224747466982697
2022-04-22,1.3193750264335555,1.3032484833576468,1.2404379717678242
2022-04-25,1.2640925492233706,1.248763601549346,1.1890352060061649
2022-04-26,1.2511744506902287,1.2360204580638918,1.1769772961712124
2022-04-27,1.2617765361827362,1.2465538040984343,1.18708916409789
2022-04-28,1.2699953037077203,1.2550953592287304,1.1951570335225496
2022-04-29,1.2948886643378137,1.2785381643666116,1.218481710744814
2022-05-05,1.3085272633768266,1.290838599770007,1.22830834568762
2022-05-06,1.2902915444918583,1.2716129593572125,1.200700500267486
2022-05-09,1.2966479018530204,1.2781634681125542,1.21002394592439
2022-05-10,1.3035346375728847,1.285011248987491,1.219576365412914
2022-05-11,1.301581042562792,1.2831458680256445,1.2099739091904684
2022-05-12,1.30317550887823,1.2840186919726098,1.2091149273468278
2022-05-13,1.3159076067121551,1.2972879200233751,1.2260152084806197
2022-05-16,1.3139143664345172,1.2948528472765157,1.2245263220042515
2022-05-17,1.3084947845556458,1.2903006031157214,1.2175276296321615
2022-05-18,1.3061715780295975,1.2867175677030696,1.2116523520853386
2022-05-19,1.307239606871623,1.2882346701175997,1.2133840391245128
2022-05-20,1.3189069735628791,1.2999287336648466,1.2235847183573796
2022-05-23,1.3213108503245785,1.3028067681759656,1.2206758479033717
2022-05-24,1.2958184912359623,1.2787629211825304,1.189011149605352
2022-05-25,1.310847201844767,1.2933137386673523,1.205008324638402
2022-05-26,1.320518527805263,1.3027651837210112,1.2176033886777564
2022-05-27,1.3209539245024764,1.3033636466787892,1.218109176517746
2022-05-30,1.327981956007239,1.310210694847429,1.217333305403924
2022-05-31,1.3331290015916206,1.315070212818053,1.2226702148183741
2022-06-01,1.3344932174482689,1.316111728401741,1.2227561179007822
2022-06-02,1.3363962089728583,1.3177359252804186,1.2175055955404377
2022-06-06,1.3403256788937288,1.3213882752778796,1.220599326554834
2022-06-07,1.340683305837187,1.3220156744218785,1.2254454479825057
2022-06-08,1.3410706429166408,1.3226366885875929,1.2274341843890377
2022-06-09,1.3380237295937694,1.3198160131750651,1.230129697598882
2022-06-10,1.351016295608128,1.3323925733281219,1.2422966205421646
2022-06-13,1.3405240699926455,1.321704733650001,1.2264273985075589
2022-06-14,1.3567740517026354,1.3381059218523088,1.247137158943801
2022-06-15,1.3680385944746252,1.3492039274387115,1.2607315804638972
2022-06-16,1.356462138124122,1.3371273316506744,1.246620454945298
2022-06-17,1.3599428674771965,1.340738118789264,1.247069765581039
2022-06-20,1.3620627169423036,1.3421251313439209,1.2449291992676526
2022-06-21,1.3674604819782263,1.3474571749114677,1.2470547103524
2022-06-22,1.3522451458556242,1.332989248329989,1.2306292631113127
2022-06-23,1.366707227530685,1.3471642711684375,1.2404943823394843
2022-06-24,1.3694211923023436,1.3496090673180356,1.2369528021606904
2022-06-27,1.3708509514622058,1.3511874323906885,1.24246688111334
2022-06-28,1.3806713120017675,1.3607521957927187,1.2488505562960048
2022-06-29,1.3707223867404412,1.3515225120156071,1.2493772119821331
2022-06-30,1.3766723993163081,1.3572020469726254,1.2567937854632525
2022-07-01,1.3767187837240298,1.3573254491987465,1.2571568437450988
2022-07-04,1.3786668290791055,1.3591545115755508,1.263511105008445
2022-07-05,1.3759246356013402,1.356293644398047,1.2614183948124313
2022-07-06,1.362338071631615,1.342737986313016,1.2436882197279175
2022-07-07,1.3614812947541195,1.3420224048449911,1.2425014349557761
2022-07-08,1.363782542377569,1.3446158240562702,1.2443368310572085
2022-07-11,1.3621562241442209,1.3427150576764542,1.2448206491420204
2022-07-12,1.3606151255322951,1.342031442307747,1.252030666650167
2022-07-13,1.359364454333565,1.3403582022072604,1.2467418444756673
2022-07-14,1.3519989590556019,1.33288205938358,1.2343665317913202
2022-07-15,1.3346651877600335,1.3162112080813646,1.2103808385455082
2022-07-18,1.3580005283310197,1.339122954405528,1.2311892843303525
2022-07-19,1.3665775874090222,1.347238544952846,1.2369852567405448
2022-07-20,1.3785850836629476,1.3588582351538023,1.2428731074403825
2022-07-21,1.3681396185928558,1.3481996474060027,1.2323785594478616
2022-07-22,1.3689819603426074,1.3493053202524965,1.2314401782567748
2022-07-25,1.3647165340789638,1.3452066488742462,1.2307232038469627
2022-07-26,1.3730746466207933,1.35339906232611,1.243809461753378
2022-07-27,1.3729800478791188,1.3528218258459483,1.2431087700919166
2022-07-28,1.3755354865103162,1.3551688484668716,1.2459451668220944
2022-07-29,1.368679135254946,1.3485642645059595,1.2377994454635077
2022-08-01,1.3671530121904245,1.346914382570357,1.2363155565443107
2022-08-02,1.3330129682868659,1.3141797649146716,1.2044059222912953
2022-08-03,1.3234976471358755,1.3049670189409155,1.189408079623758
2022-08-04,1.333395003979824,1.3143909110521153,1.1972846771048706
2022-08-05,1.3472251464842953,1.3274922192621885,1.2099278194972796
2022-08-08,1.3506738480190144,1.3309927043261045,1.2114821702379248
2022-08-09,1.3495079864519766,1.3300822747597596,1.2068433963132152
2022-08-10,1.3501653919200014,1.3306342884599327,1.2041593789256706
2022-08-11,1.3681156268479706,1.348053611608237,1.2209008137350406
2022-08-12,1.3690679017722507,1.3491810290294715,1.2243966401780375
2022-08-15,1.3638967836178024,1.344167670650733,1.2170369647980979
2022-08-16,1.3664055017058936,1.3465932631348754,1.2209455615069384
2022-08-17,1.3742432180017143,1.3543550940063607,1.2289906625942413
2022-08-18,1.368517179020267,1.3487677875721227,1.2191745911538667
2022-08-19,1.3645232207781113,1.3451582161705025,1.221933741961816
2022-08-22,1.3670176812814596,1.34744647205657,1.2292566177194248
2022-08-23,1.3701616752047538,1.3508182937932287,1.2281017891786716
2022-08-24,1.3501111309402953,1.3317269450867344,1.2119775969660649
2022-08-25,1.35897605937315,1.3402318425273465,1.2277371799021997
2022-08-26,1.3614846062900985,1.3425563407155143,1.2260069608948223
2022-08-29,1.3669258402329927,1.34801869174092,1.2279524958733699
2022-08-30,1.3691614251784723,1.3498994609032449,1.2344611012761508
2022-08-31,1.363529832813913,1.3383924308385213,1.2305612316346883
2022-09-01,1.3623538776497126,1.337437900195274,1.2296575711258333
2022-09-02,1.3626248226819369,1.3376776045253513,1.229825586613297
2022-09-05,1.3708279470261613,1.3462404330713815,1.2379363967905042
2022-09-06,1.3800311964435608,1.3554455657475823,1.2466429406662347
2022-09-07,1.375184383179275,1.3507335779250413,1.242033674321931
2022-09-08,1.3741091026514864,1.3495177046413411,1.2410400454697705
2022-09-09,1.3865283014782883,1.3617416130730065,1.253020487247403
2022-09-13,1.384762016114683,1.3598656257532191,1.25146487197692
2022-09-14,1.3734408830389724,1.3487109391990995,1.24066278387889
2022-09-15,1.370203014389394,1.3454194179444943,1.2380442255371673
2022-09-16,1.338019777035569,1.313463874663554,1.2074727120744908
2022-09-19,1.3343959979507287,1.3100574925380348,1.204494269715544
2022-09-20,1.3337003587511431,1.3094463463471833,1.203698641624007
2022-09-21,1.3391735472466793,1.3148261847333005,1.2088640475352144
2022-09-22,1.3324641153514138,1.3084465096850055,1.202695101522535
2022-09-23,1.3309545423561382,1.3066862540548119,1.2014181660716727
2022-09-26,1.3054665035201045,1.2814139626727907,1.1772274990479126
2022-09-27,1.321571907020977,1.2972543524073108,1.1921752588728138
2022-09-28,1.3098920020923095,1.2857828948703003,1.1814347396816323
2022-09-29,1.301529850740571,1.2778047966070338,1.17341961379919
2022-09-30,1.3042227184998043,1.2804244814394006,1.1762011874554144
2022-10-10,1.2997166115388368,1.2761354829025064,1.171797151123734
2022-10-11,1.3033239418489382,1.279606382391986,1.1745682925481689
2022-10-12,1.3198848144823865,1.2960335414446515,1.1901824977436462
2022-10-13,1.3168251788208376,1.2929075110651358,1.1866796354681495
2022-10-14,1.3329649439357365,1.3088836097350487,1.2018592450679861
2022-10-17,1.3417457793537793,1.317546944550238,1.209887890209825
2022-10-18,1.3423483026090788,1.3181491408892685,1.2102604573765545
2022-10-19,1.3312610767359452,1.3073195432005287,1.1999063324306438
2022-10-20,1.328918321482904,1.3048475355084914,1.1973391967462872
2022-10-21,1.329399833971543,1.3054475343657086,1.1983393059177287
2022-10-24,1.305880414236298,1.2822429610112427,1.175683111724497
2022-10-25,1.3013835528731847,1.277869517346002,1.171534796435064
2022-10-26,1.3087734131949993,1.2849625868910997,1.1776819823049964
2022-10-27,1.3114696967746702,1.2877186862938115,1.1806424570245668
2022-10-28,1.2834137233270486,1.2601273333624958,1.1547616223392627
2022-10-31,1.2734511307880068,1.2521242531399075,1.1453194601532304
2022-11-01,1.296305505166483,1.2744465988906026,1.1663878043180196
2022-11-02,1.3033798426151972,1.2814121338383198,1.1729856360917648
2022-11-03,1.2967886666962658,1.2749432855344864,1.1666765327857371
2022-11-04,1.3173511332584877,1.2950580771769193,1.185420599564301
2022-11-07,1.3238186065605766,1.3013801654905641,1.1915083390800159
2022-11-08,1.3209342829333834,1.2985297391747241,1.1888371635943942
2022-11-09,1.3205952258021416,1.2981692857558547,1.1885376003307486
2022-11-10,1.3234601773097587,1.3009519480960972,1.1911589993001916
2022-11-11,1.3438364616229084,1.3208802526272303,1.209993429648745
2022-11-14,1.3535996046673608,1.3303912950821033,1.2189850891566043
2022-11-15,1.3662389156542556,1.3426427551264626,1.2305783246808046
2022-11-16,1.3597081249817304,1.3361983913375988,1.2245132770965927
2022-11-17,1.3633278204867676,1.3398092920469697,1.2277663182868281
2022-11-18,1.358550844064719,1.3350818067570058,1.2232740009842362
2022-11-21,1.356155721421649,1.3326310942849144,1.2207927260680318
2022-11-22,1.3684316563334529,1.3445651246734538,1.232573301006694
2022-11-23,1.3703631792634108,1.3465645719402166,1.2346884145093235
2022-11-24,1.3714182149778962,1.347536221476717,1.235325141701397
2022-11-25,1.388653465515622,1.3645185279164944,1.2512880748272297
2022-11-28,1.3782146425905255,1.3542611631757657,1.2416641889699422
2022-11-29,1.410129104429364,1.385349176870367,1.2711244486505222
2022-11-30,1.4077215444493578,1.3829135121012501,1.2688481429815988
2022-12-01,1.407060008559837,1.3822613406354207,1.268114802510859
2022-12-02,1.4021359413554078,1.377572476308027,1.2635962157192873
2022-12-05,1.4355543837191271,1.410279895436285,1.2948716654675032
2022-12-06,1.4332492410333852,1.4079287097318298,1.2928216444044844
2022-12-07,1.4267148373574856,1.4014896608780858,1.2868215862507926
2022-12-08,1.4298832959306418,1.4045819027505688,1.289650392319215
2022-12-09,1.4336522030816468,1.4083637852855393,1.29269274887181
2022-12-12,1.4199384221476181,1.3947932630060036,1.2804440527915022
2022-12-13,1.4231257121146261,1.3980048335520505,1.283550996060896
2022-12-14,1.4199926787747223,1.3949962427647058,1.2808032171134773
2022-12-15,1.4103995899642565,1.3855100179084787,1.2718593408704175
2022-12-16,1.41972049725449,1.3944730928022433,1.2804464452960977
2022-12-19,1.390766829609808,1.366270449619437,1.2537088560508827
2022-12-20,1.3788043175231561,1.3546167716544417,1.2428666085845637
2022-12-21,1.380254044337542,1.3560579353192008,1.2441113796507106
2022-12-22,1.3761071127179485,1.3519397742057209,1.2404069312266393
2022-12-23,1.370623805768314,1.3466261374554798,1.2352239186960066
2022-12-26,1.3692775192181785,1.3453441261135226,1.2339321305718136
2022-12-27,1.3828737649422536,1.358631452856843,1.2463260482056981
2022-12-28,1.383568063072451,1.3593473119591177,1.246803161490627
2022-12-29,1.376170135587686,1.3521096188354536,1.2398323902117059
2022-12-30,1.3856169765230393,1.3618501468371877,1.2502409300988468
2023-01-03,1.3928095440956345,1.3690066512488153,1.2554274163797754
2023-01-04,1.406525493350708,1.3823916913928445,1.2680651902707527
2023-01-05,1.4108189016043602,1.3866138121034088,1.2751730419959342
2023-01-06,1.4062903773457716,1.382202859872815,1.274376455904795
2023-01-09,1.411218137969332,1.3870004446152329,1.2793932606964376
2023-01-10,1.4016245283782331,1.377590755532385,1.2739250354882403
2023-01-11,1.404986209618088,1.3809039627237985,1.2749136345140717
2023-01-12,1.4045192128236716,1.3803895940917503,1.2755907396759727
2023-01-13,1.419943495919856,1.3955485222785617,1.2896056953698825
2023-01-16,1.4272024125776765,1.402743416090354,1.2953253620672063
2023-01-17,1.4261241860980916,1.4017372867623799,1.2930547366473402
2023-01-18,1.43090302996613,1.4064141441913018,1.2930446041740795
2023-01-19,1.4368436778455442,1.4122784288848622,1.296729207731967
2023-01-20,1.448026689493579,1.4232573170710778,1.3061359807329895
2023-01-30,1.448242293401642,1.4234790357309455,1.306063935947669
2023-01-31,1.4456639172141577,1.420987995701856,1.3018905568019958
2023-02-01,1.4546003239147616,1.4297871041539127,1.3115882300560537
2023-02-02,1.4526358878271888,1.427880996525981,1.3103301378949845
2023-02-03,1.4430681955226001,1.4185070821376051,1.302591185036358
2023-02-06,1.4369070681058755,1.4125120752964881,1.2970507614727864
2023-02-07,1.443148980698809,1.4186276648843021,1.3039537622601738
2023-02-08,1.4368774297112976,1.4125137705850752,1.297711115495054
2023-02-09,1.4508497453242353,1.4262545959305435,1.3098153830730999
2023-02-10,1.4545922818305719,1.4299525274169307,1.3126374479851541
2023-02-13,1.461397506587753,1.4366438807058635,1.3218616843453954
2023-02-14,1.4669454542450928,1.4421271451149136,1.3283611601372356
2023-02-15,1.4612278447663014,1.4364695957918578,1.3255076335945577
2023-02-16,1.453660496010348,1.4289982508598547,1.3148741705182858
2023-02-17,1.4499626066626536,1.425458269660119,1.30868214202062
2023-02-20,1.4853524489066168,1.4601979341531997,1.3438211079723281
2023-02-21,1.4951298314433468,1.4697521098931092,1.35084070309197
2023-02-22,1.4894950666249265,1.4642213695243786,1.3485332219532968
2023-02-23,1.4896084774679679,1.4643031602966188,1.3456811653549225
2023-02-24,1.4856314395895145,1.4604224068810339,1.3400590713138538
2023-02-27,1.4810469060072942,1.4559080803710511,1.3347933833847228
2023-02-28,1.4930966838567734,1.4677406514201767,1.3465794717576431
2023-03-01,1.5081447226672993,1.4825045291507126,1.361787548873004
2023-03-02,1.5159064302377754,1.4901675706044937,1.3698035028554532
2023-03-03,1.5287612735967293,1.5028357352366994,1.3797086041797597
2023-03-06,1.5216146658890755,1.4957966168506258,1.3738027782898987
2023-03-07,1.513490799732688,1.4878108071753535,1.3625856335748363
2023-03-08,1.5141665240142863,1.4884981495088987,1.3649127026519619
2023-03-09,1.5142356720347119,1.4885131894541686,1.3642178524524085
2023-03-10,1.4899328411168076,1.4646239417384301,1.341351926731306
2023-03-13,1.5102422436191238,1.4845444632202152,1.357848719503231
2023-03-14,1.4967258122684401,1.4712956347444786,1.3437038875698306
2023-03-15,1.5138917733097497,1.4882197919974767,1.3595983986159146
2023-03-16,1.5095745160694336,1.4839561417097278,1.3547516579949488
2023-03-17,1.5219421899593577,1.4961129871766912,1.366399059030678
2023-03-20,1.5170698002401983,1.4913723017878058,1.3601004556283296
2023-03-21,1.5163368662258503,1.4905861189147818,1.3638755387213506
2023-03-22,1.5274672882815188,1.5016280255191408,1.3749126276652799
2023-03-23,1.536929617719995,1.5108134018037733,1.385922619227365
2023-03-24,1.5252714994780532,1.4993544484379986,1.3746969302008794
2023-03-27,1.5105086198604856,1.4850466879566913,1.3630998266239778
2023-03-28,1.5123101230948437,1.4868495030625393,1.362099697542837
2023-03-29,1.5060438622921222,1.4806218353610323,1.3560941855103796
2023-03-30,1.5134516659040949,1.4879341856181134,1.3627963361316837
2023-03-31,1.5195822198393527,1.4939702249778148,1.3678202254644896
2023-04-03,1.5316631313109321,1.5058558047911992,1.3782754130656096
2023-04-04,1.5453688659467741,1.519408101477794,1.3895087612698844
2023-04-06,1.5432261887334904,1.5172727518446771,1.3874723386249501
2023-04-07,1.5460004282496251,1.5199735772690468,1.391105954346779
2023-04-10,1.5430774604405546,1.5171059395294915,1.3873777976229587
2023-04-11,1.5486834951663302,1.5226642632197964,1.3914280729401896
2023-04-12,1.5668797901837668,1.5405930690215814,1.4048001200210332
2023-04-13,1.567061090771932,1.5407725668530976,1.4019628975195864
2023-04-14,1.5688208614768222,1.5424986796653082,1.4038853679517735
2023-04-17,1.591608560289722,1.5649568427581326,1.4224187904824321
2023-04-18,1.60394650901599,1.576950053817666,1.4328163319069847
2023-04-19,1.598831555786021,1.5719443679600937,1.4238921957590724
2023-04-20,1.6090094911567547,1.5818943387730835,1.432779278810572
2023-04-21,1.5867817492849912,1.56005895656137,1.409032300148342
2023-04-24,1.5852030403458475,1.5585357214374043,1.4072011696048958
2023-04-25,1.5940133102740552,1.5672327289448296,1.4104561333846497
2023-04-26,1.584016526788218,1.5574746359339056,1.4009886114984094
2023-04-27,1.5917261467124653,1.5649798710599743,1.4133359075820973
2023-04-28,1.606209092656146,1.583436597632069,1.4312055777850625
2023-05-04,1.6339857548864782,1.609807256949113,1.4632604415098622
2023-05-05,1.6388079314456727,1.6150705317825877,1.4625541566752118
2023-05-08,1.6808186445185305,1.657522858033336,1.4984928797078771
2023-05-09,1.6738507774566065,1.6513325280431956,1.4851543302201937
2023-05-10,1.644927519393991,1.6231368693363262,1.4557340917916741
2023-05-11,1.6405012012785032,1.6194533639042803,1.4478030971577
2023-05-12,1.6290526127320253,1.6093115345693536,1.4335635049465043
2023-05-15,1.635039737226661,1.6155782643928571,1.4407006385381995
2023-05-16,1.624409814373419,1.605666397259859,1.4294199778493497
2023-05-17,1.6200162891639056,1.6013342392480405,1.425032206878573
2023-05-18,1.6290183969018166,1.6095780861898517,1.4372290473415164
2023-05-19,1.6118073334618956,1.5929780627594077,1.4231343126433675
2023-05-22,1.6134921675623115,1.594876944841321,1.4266044207995145
2023-05-23,1.5912545595496164,1.5735279060919753,1.4054166876542629
2023-05-24,1.5678964964002247,1.5502912771673223,1.3834760133072033
2023-05-25,1.5639805618416474,1.5463681410561914,1.382553980206755
2023-05-26,1.5721247863960615,1.5536317635084536,1.3936776716953545
2023-05-29,1.5824599952632996,1.56274666861124,1.4062875867051545
2023-05-30,1.5799563629452604,1.559988511415558,1.4111207646873598
2023-05-31,1.571504291932434,1.551504481973892,1.4048069508779069
2023-06-01,1.5705613110027472,1.5503239552537496,1.405393875066525
2023-06-02,1.5819438706647204,1.5621331537025511,1.4108950215672267
2023-06-05,1.5890029206952305,1.5682912313700845,1.4183640745046842
2023-06-06,1.575578477353688,1.5555757529099299,1.4068194176785223
2023-06-07,1.5859245879246497,1.5641469135548978,1.4144953486488707
2023-06-08,1.6025435754326016,1.5812946862952029,1.42854391146799
2023-06-09,1.60075094858917,1.578822706656673,1.4330564899961105
2023-06-12,1.5934172033702254,1.570627987821499,1.429069909432691
2023-06-13,1.5918001698851196,1.5692778895169528,1.426933119130763
2023-06-14,1.583654507681675,1.5621857699812283,1.4196443818693252
2023-06-15,1.588392016575062,1.5670691373077819,1.4236564044800666
2023-06-16,1.5880977296517305,1.5672580090215913,1.4283132053934746
2023-06-19,1.572404586425604,1.5522001227301547,1.4196799620629237
2023-06-20,1.563322475539977,1.5433496691703785,1.41290225755514
2023-06-21,1.5549476563649338,1.5361494183532123,1.3974939853008959
2023-06-26,1.5343847212536783,1.517077199280507,1.3697536446377965
2023-06-27,1.5574398353456738,1.5395154689406567,1.3945940303901436
2023-06-28,1.5607472978634578,1.5434699191668795,1.395848679393193
2023-06-29,1.5586416488878139,1.5408872674624823,1.3995007717851582
2023-06-30,1.5717515789248533,1.5535897139688983,1.4099015889903852
2023-07-03,1.5873381856015893,1.5689981333770422,1.4256372845225125
2023-07-04,1.5812708374859705,1.5633411202578624,1.4185960798335768
2023-07-05,1.5795350795165914,1.56153892838555,1.4128308888039525
2023-07-06,1.5736887114980638,1.5555947706509545,1.4064068116742006
2023-07-07,1.57816203519476,1.560099373890285,1.4099144291446473
2023-07-10,1.580870487260384,1.562490654487246,1.411087812899296
2023-07-11,1.5896715302027256,1.5713775007255297,1.417545191257815
2023-07-12,1.5837760048336609,1.5661487049648932,1.4045217159413828
2023-07-13,1.602109964301133,1.583335172452997,1.4295241375297552
2023-07-14,1.6043921330708493,1.5849918496144617,1.4378844852217212
2023-07-17,1.6013886395664527,1.5823409475797898,1.434067452447516
2023-07-18,1.6025167921372854,1.583561137705209,1.4295381753825966
2023-07-19,1.6091578688020265,1.5898366020599788,1.4341944455190914
2023-07-20,1.6032486648338873,1.5847361860796865,1.4209424442659435
2023-07-21,1.6057175546946425,1.5873568836503946,1.4206979019229184
2023-07-24,1.6046470320274577,1.5859519173038923,1.4217152761654974
2023-07-25,1.629844557084646,1.6107082465377356,1.450908434349497
2023-07-26,1.6311387415492524,1.6124282713287554,1.4464815048148898
2023-07-27,1.6339653630291127,1.6155830774310123,1.444153298582481
2023-07-28,1.6668420285354815,1.648088975508456,1.4772058846379579
2023-07-31,1.6798420852291178,1.6606650114975876,1.4860465086816996
2023-08-01,1.6802982278015945,1.6609467081338583,1.4852558151339448
2023-08-02,1.6657612202028549,1.646633194668759,1.4711578902964113
2023-08-03,1.67446880488301,1.6553681330388927,1.4812498629725548
2023-08-04,1.6756325806169146,1.655927845233804,1.4864435331396488
2023-08-07,1.6621881577639053,1.6422436394257156,1.4755829940821557
2023-08-08,1.659444501775633,1.6393601910502125,1.4741982090757408
2023-08-09,1.6560105026418588,1.6365257819562955,1.4648121466853308
2023-08-10,1.659309539826246,1.640561131563978,1.4642831470262536
2023-08-11,1.6305024318085,1.6126379714160395,1.4384942628741064
2023-08-14,1.6243928852662592,1.6063459768232689,1.436674676474384
2023-08-15,1.6349574934745301,1.6169318011807774,1.4456809292853938
2023-08-16,1.6337944248259342,1.6162084755697341,1.4378735615058782
2023-08-17,1.6314811140737147,1.613902563013196,1.4391947866575774
2023-08-18,1.626310723790095,1.6092615101552448,1.4281264853820277
2023-08-21,1.6095696802794641,1.5929577795674206,1.412436377804335
2023-08-22,1.6185002786725793,1.600902196536027,1.4281015851678698
2023-08-23,1.6115224774783974,1.5940798744240128,1.4159403924603886
2023-08-24,1.6053906233305781,1.58778992174128,1.4095904613261716
2023-08-25,1.6097027208147352,1.592762773744125,1.4072093164718291
2023-08-28,1.63138519813885,1.614414808514711,1.4273350734905017
2023-08-29,1.627892550962725,1.6102860178952598,1.4303244874977736
2023-08-30,1.6179234710993946,1.5994483910099586,1.4231229809245882
2023-08-31,1.610949733981361,1.5876815642189706,1.4157394576080342
2023-09-01,1.6269458848618727,1.6033845336682593,1.430265482963671
2023-09-04,1.6547560547608315,1.6307537118313957,1.4547159043275644
2023-09-05,1.645314518108027,1.621227658223499,1.4463772280258582
2023-09-06,1.6459989975394647,1.6221054723236945,1.447151460741616
2023-09-07,1.6362980937936478,1.6124793781494111,1.4387171775155896
2023-09-08,1.6318130281177827,1.6079476332941793,1.4348426266350154
2023-09-11,1.6449997496813706,1.620871355728827,1.4468864888478157
2023-09-12,1.646296138955108,1.6221104262311141,1.4479226745006584
2023-09-13,1.644761158867437,1.6206446662294747,1.4465851324177976
2023-09-14,1.6578851209289565,1.6336511791619148,1.4584244639626853
2023-09-15,1.654028075436422,1.6297214113324947,1.4552816880202923
2023-09-18,1.659248218180874,1.6347467100892212,1.4599520470566532
2023-09-19,1.6643114568676922,1.6397605783472904,1.4643262029740434
2023-09-20,1.665681261190121,1.6412349835809703,1.4654035612827907
2023-09-21,1.655105491516943,1.6307436472153611,1.4559226977578241
2023-09-22,1.6632940679111035,1.6389626695670678,1.463000449396676
2023-09-25,1.6650494554584654,1.6405054715427263,1.4643627782801918
2023-09-26,1.6553823536274817,1.6307939976488524,1.4560027981290276
2023-09-27,1.6529457825230665,1.6284469570124938,1.4538948916323724
2023-09-28,1.6561158108664444,1.631401162680034,1.456651162515473
2023-10-09,1.652320306562781,1.6274963453287827,1.4528418827287264
2023-10-10,1.6398235238537724,1.615004220311484,1.4417201464729312
2023-10-11,1.6348804790896518,1.6100603177160462,1.4372711513968297
2023-10-12,1.6517992432629434,1.6268197052159619,1.4515801451015375
2023-10-13,1.64798035182467,1.623095532717911,1.4484389642674593
2023-10-16,1.646901980677017,1.621950621677537,1.447792674206185
2023-10-17,1.6505705619096696,1.6255899939448648,1.4509151446255948
2023-10-18,1.636545872438342,1.6116023400358852,1.4383703909542125
2023-10-19,1.6097823658400312,1.5851547572531568,1.4152728464282005
2023-10-20,1.6025562706937788,1.5781107930351579,1.4085988975190462
2023-10-23,1.5798715480350434,1.5555161805810607,1.3878649546335513
2023-10-24,1.5882068226547918,1.563772723686492,1.3956698850446398
2023-10-25,1.5971147947363782,1.5727400912475495,1.403738447619736
2023-10-26,1.6046226821236316,1.5793532940332775,1.4101286268486433
2023-10-27,1.6159332804987017,1.5903926848394756,1.4203491964141939
2023-10-30,1.6055578187674195,1.5800315687892985,1.411169617512734
2023-10-31,1.6071373353493312,1.5781531437754968,1.412722462912869
2023-11-01,1.6059308774504268,1.5769182284696428,1.411488736490049
2023-11-02,1.6044243175018889,1.5754370986452013,1.4101822859955024
2023-11-03,1.6014358120493748,1.5725165380038675,1.4074551923978385
2023-11-06,1.5994556612229882,1.5706509561858581,1.405530159622009
2023-11-07,1.5982373520572677,1.5694267966603588,1.404355310326319
2023-11-08,1.5914322990719654,1.5627240652096064,1.3985398684341497
2023-11-09,1.599170535896622,1.5703300424254099,1.4050490840302714
2023-11-10,1.5974491216070403,1.5686120959097087,1.4034193782838649
2023-11-13,1.5978721870133805,1.5690111788369008,1.4036057682673637
2023-11-14,1.598332510153098,1.5694798631166287,1.4041307845939897
2023-11-15,1.6071569506019026,1.5781784622617034,1.411625985484508
2023-11-16,1.604512815010237,1.5755410223623079,1.4091761157949025
2023-11-17,1.6019268127300235,1.572976761160349,1.4070305917411652
2023-11-20,1.6065573208261916,1.577512500832688,1.4110783030182759
2023-11-21,1.6095352948348949,1.5804202066920698,1.4136565975888076
2023-11-22,1.6043445321713459,1.5752844014574245,1.409244750322319
2023-11-23,1.6164941589664186,1.5872440488044828,1.4199932136132218
2023-11-24,1.6180816727511242,1.5887731532943477,1.4214888688132754
2023-11-27,1.6128888913147967,1.5836219624481498,1.416804406683032
2023-11-28,1.6142437559345635,1.5849437713751962,1.4181093703014598
2023-11-29,1.6094425290302634,1.580167412908188,1.4139744109409542
2023-11-30,1.613462903664107,1.5841483539066217,1.4173844854616193
2023-12-01,1.6169567870040795,1.5875711769483172,1.4206267863531576
2023-12-04,1.6206208187403366,1.59115325442504,1.424060353912541
2023-12-05,1.6005920222908976,1.571418918309324,1.4065790220113792
2023-12-06,1.6006532504497277,1.5714634416334947,1.4066158982620276
2023-12-07,1.6027703414425936,1.5735541427655362,1.4084293224471418
2023-12-08,1.600689098768837,1.571548225134378,1.4061594343236163
2023-12-11,1.6129877459330535,1.5835995632481425,1.4170103075903626
2023-12-12,1.6207011681660366,1.591236466569755,1.4239957325962613
2023-12-13,1.609517689380605,1.5801901930954312,1.4143997692281491
2023-12-14,1.6084461281618088,1.5791374587012852,1.4134205173634167
2023-12-15,1.5969491502556983,1.5678188385766916,1.4034240717373307
2023-12-18,1.5949511834942944,1.56583194833723,1.4017903007743302
2023-12-19,1.5927062794016262,1.5636257513522036,1.3996620714566692
2023-12-20,1.588368595668713,1.5593508975909747,1.395792715909929
2023-12-21,1.5898506038794706,1.560829452040777,1.3968997815561834
2023-12-22,1.5923470039810343,1.5632880670478084,1.398915073715468
2023-12-25,1.5911089607244149,1.5620906527385594,1.3974756483728445
2023-12-26,1.5878179534860486,1.5588211447384406,1.3946525187656547
2023-12-27,1.5984048612902702,1.5692399340199268,1.4041607036053552
2023-12-28,1.6024339910991772,1.5733085876806217,1.4074375258369323
2023-12-29,1.6062496913667774,1.577265948293184,1.411595663077824
2024-01-02,1.6164640745888936,1.5872608913858912,1.423248326466499
2024-01-03,1.627573663952229,1.5981765331440096,1.432850674964075
2024-01-04,1.63139010639084,1.601914680549903,1.4394787042129848
2024-01-05,1.633707559067217,1.604238559808446,1.4421349504878676
2024-01-08,1.61730523995139,1.5880916843967772,1.4265575724232118
2024-01-09,1.6249549550614357,1.5955999897285287,1.434001665036498
2024-01-10,1.6191928188706608,1.589954988357877,1.4301845325399398
2024-01-11,1.6169010817236464,1.5877339663953443,1.4271639492248918
2024-01-12,1.6274808001150947,1.5981377319883523,1.4356159677875036
2024-01-15,1.6358875380727138,1.606411895172466,1.443324500856651
2024-01-16,1.6428249684116512,1.6132779472498426,1.4499766239072935
2024-01-17,1.622463715373513,1.5932501123948382,1.4322674820898922
2024-01-18,1.6125528972055905,1.5835098929035376,1.4232004441503099
2024-01-19,1.6032048564798824,1.5743334417553474,1.4142816293889136
2024-01-22,1.561012028751244,1.5328532867249038,1.3745984256332544
2024-01-23,1.5733980629962374,1.5450440200834583,1.3868626006694116
2024-01-24,1.6053104790145294,1.5764494761124874,1.4149934793508123
2024-01-25,1.6454796155380782,1.615965734117938,1.4494783145419725
2024-01-26,1.6660468481116508,1.636226332605634,1.4688916236048428
2024-01-29,1.6656631883541992,1.635851589262686,1.468673350915323
2024-01-30,1.642018903832223,1.6125828225633172,1.447166372135125
2024-01-31,1.63180428295074,1.6025205411216639,1.4373469229312985
2024-02-01,1.6182735912504806,1.5892124004137462,1.425073182436475
2024-02-02,1.6049940060614656,1.576171558674915,1.4159499370987874
2024-02-05,1.6014864053340154,1.5726952411689648,1.4084268745927213
2024-02-06,1.6463544779861796,1.6168071604345782,1.4432357573463086
2024-02-07,1.6741662262071975,1.6440933495471601,1.4658177287642749
2024-02-08,1.6762278331560287,1.6461855815578894,1.4700673341811654
2024-02-19,1.6972713123111671,1.6668996156817437,1.4950608851435585
2024-02-20,1.7082201440737328,1.677657008252244,1.505852841705752
2024-02-21,1.7219270687906933,1.6911999920071492,1.5147251462844111
2024-02-22,1.7382559085527574,1.707211992013026,1.5310419934104416
2024-02-23,1.7369495675942523,1.7059080086671055,1.53102835808283
2024-02-26,1.70998133430126,1.6794039773233231,1.50760441648374
2024-02-27,1.7174354448094198,1.6867208860851703,1.5158068305422108
2024-02-28,1.7057038562308864,1.6751767280727912,1.5022672687476684
2024-02-29,1.725323141222323,1.6944889028511052,1.5193412460089426
2024-03-01,1.724059864028936,1.6932457651883428,1.518938479017751
2024-03-04,1.7253059469361491,1.6944258071859561,1.5280548021606912
2024-03-05,1.738990522895406,1.7078916927626264,1.539209710067501
2024-03-06,1.734069482467821,1.7030994239989177,1.5366138585893825
2024-03-07,1.7410092483714306,1.709925750484568,1.5415832138567542
2024-03-08,1.7465793914168235,1.7153547264036715,1.5478866863705039
2024-03-11,1.7411670935579653,1.7100511513270777,1.5407430412352952
2024-03-12,1.715222170878979,1.684609108930192,1.5161496499080367
2024-03-13,1.7091933383286304,1.6786919975586547,1.5127586352764453
2024-03-14,1.7126405221854737,1.6820954541890791,1.5167629287910889
2024-03-15,1.7251158747809796,1.6944075868546076,1.5259650886294838
2024-03-18,1.725416993561408,1.694709902807162,1.526983020929971
2024-03-19,1.716202494181905,1.6856049295140514,1.518221495001817
2024-03-20,1.7221917907327926,1.691481898974612,1.524234202294261
2024-03-21,1.7214091780684813,1.6907179698826105,1.526385833169327
2024-03-22,1.7073943226913482,1.6769176223179327,1.5164545688623343
2024-03-25,1.7111985045780687,1.680665255044366,1.5210334496727327
2024-03-26,1.7189412463732703,1.688319739079363,1.5268644966223448
2024-03-27,1.7114793827558983,1.680985379482891,1.5192608538460677
2024-03-28,1.7081934587054268,1.677588996055256,1.5168205719322276
2024-03-29,1.7280709800789382,1.6971062883984898,1.5391307792246833
2024-04-01,1.7458228851212714,1.7146017332867882,1.5534254525190963
2024-04-02,1.7532661157231744,1.721884229699498,1.5614663286245039
2024-04-03,1.7652144098470552,1.733608593020035,1.571813315961948
2024-04-08,1.7662913345848217,1.73465784089811,1.5704400214794572
2024-04-09,1.7637696369405815,1.7321849028078136,1.5663820564563313
2024-04-10,1.764656511640701,1.7330558306177046,1.5678285297233072
2024-04-11,1.7728884951628667,1.7411514103077324,1.576894892330995
2024-04-12,1.7670560175355658,1.7353822417582785,1.5734086489509345
2024-04-15,1.801407625360899,1.7691735372820563,1.5992914864281234
2024-04-16,1.786371260339853,1.754365967601327,1.5834251400805361
2024-04-17,1.816527984112125,1.7840775591568812,1.612352613592816
2024-04-18,1.822641348797896,1.7901187483681735,1.616611918445692
2024-04-19,1.8288729259401768,1.796192039599267,1.6209059910819954
2024-04-22,1.8042991599161773,1.772024887602037,1.5984965505297042
2024-04-23,1.7806359479277618,1.748749617556505,1.578331531383555
2024-04-24,1.7836972489378298,1.7517280041845005,1.58130324371873
2024-04-25,1.7953980558393785,1.7632528939898717,1.5921329389546222
2024-04-26,1.7866020782207264,1.7546093746459137,1.5812863727185433
2024-04-29,1.7954149915077904,1.7632980579952882,1.5878884133568993
2024-04-30,1.8019790099740545,1.775616893647428,1.5922087875881694
2024-05-06,1.8220037096467319,1.7952738096009255,1.6106339385488628
2024-05-07,1.821644155593303,1.7950812267897533,1.6103700014483078
2024-05-08,1.8174217515233067,1.7907783272955082,1.6066943013401278
2024-05-09,1.8345858666151666,1.8075127055668478,1.6224740933864727
2024-05-10,1.84336405958107,1.816353421591881,1.6304100251574236
2024-05-13,1.8540815656991179,1.8265346239062539,1.63995842380177
2024-05-14,1.8546478547607306,1.8272526478054643,1.6403108327193312
2024-05-15,1.8505298970474697,1.8232490618229167,1.6365642382656724
2024-05-16,1.8549725987663135,1.8277251135836226,1.6404920916912058
2024-05-17,1.8729161280826854,1.84546609778745,1.6567437658094772
2024-05-20,1.8805798024072453,1.8530210902052509,1.6634009189249837
2024-05-21,1.887291513313425,1.8598179667136403,1.6696633552692564
2024-05-22,1.8848654792067454,1.8573865423504117,1.6681901166641402
2024-05-23,1.8661800146129526,1.8386611500673626,1.6519259624269136
2024-05-24,1.8629924802376086,1.8357334201319293,1.6490606535368106
2024-05-27,1.88768181135504,1.859935493188792,1.6711496732887898
2024-05-28,1.876465823545759,1.8489362662884448,1.6609832216755782
2024-05-29,1.8749824038886094,1.84746396886818,1.6595324321109899
2024-05-30,1.8599160441568523,1.8326204095781695,1.645942580930748
2024-05-31,1.8640072702483284,1.8367823413052573,1.649747316964324
2024-06-03,1.8489998678695652,1.8219076698830023,1.6361902383189557
2024-06-04,1.8620944279907312,1.8346857603472535,1.648191292335711
2024-06-05,1.8371688928501324,1.8101022435694096,1.626068406366346
2024-06-06,1.8347129219788683,1.807918648051496,1.6239516674659726
2024-06-07,1.8497971211666824,1.8228607788451547,1.6372976607981433
2024-06-11,1.8216167581325404,1.7948554909770225,1.6115146137676388
2024-06-12,1.8303334385326113,1.8032504508735985,1.6194318979620947
2024-06-13,1.8104822193037517,1.7837372779905571,1.6013935456314694
2024-06-14,1.8162255516985617,1.789350811789366,1.6062235988399782
2024-06-17,1.7984466655034412,1.771642011043867,1.5901796888092339
2024-06-18,1.8075296738246927,1.779921184360285,1.5986193287468877
2024-06-19,1.8056871498613227,1.7785026285770549,1.5970660522386233
2024-06-20,1.795917209206842,1.7688572307473203,1.588201364317094
2024-06-21,1.7962407872149955,1.7689886592726025,1.5884945945013147
2024-06-24,1.77840032791791,1.751699894211001,1.5724773687516254
2024-06-25,1.7834374741053913,1.7568439229715762,1.5772863414782219
2024-06-26,1.79453703604109,1.7674717541111291,1.5871014691052125
2024-06-27,1.7908436434120332,1.7641791900462616,1.5840775628200576
2024-06-28,1.809198546192034,1.7819386405545965,1.6003388260896139
2024-07-01,1.8440601203546254,1.8163064926206414,1.6306287017977372
2024-07-02,1.8508360283162677,1.8229971258348199,1.637100255187967
2024-07-03,1.836318556264131,1.8088080220943024,1.624291493688595
2024-07-04,1.823839671870943,1.7959225747368053,1.6129458553328193
2024-07-05,1.8131329765466258,1.7854128587958171,1.6032801649775708
2024-07-08,1.8010069165144382,1.7741528799034947,1.5919632112472775
2024-07-09,1.8216619481364666,1.7941482098968118,1.6102072138374701
2024-07-10,1.8018741639214548,1.7746795520827583,1.5928157159494043
2024-07-11,1.8054027123500969,1.7780842330681064,1.5958846243071747
2024-07-12,1.8110320469985561,1.7837548103823577,1.6008262004856717
2024-07-15,1.8189896366142946,1.79159755367378,1.6077445841253415
2024-07-16,1.8117775922201662,1.7846265739603893,1.6012689525596582
2024-07-17,1.8067045573588434,1.7799756856420674,1.5970604393055907
2024-07-18,1.8131309956245465,1.7863727767929791,1.6026268715569398
2024-07-19,1.806460080524393,1.7799356361363832,1.5965164713754783
2024-07-22,1.785081160175826,1.7590759753254306,1.5777060660410318
2024-07-23,1.771495810332355,1.7458548469515105,1.5654982917798215
2024-07-24,1.7688202483180722,1.7436139433479947,1.5629772281812728
2024-07-25,1.7584277278744787,1.7330476760722424,1.5538273982601882
2024-07-26,1.7556111356560042,1.7298899627674453,1.5513341454177205
2024-07-29,1.7636388544895074,1.7381317705440036,1.558547027069145
2024-07-30,1.7538515748052457,1.7284635971305544,1.5500289086204646
2024-07-31,1.7784974210504385,1.752459218565624,1.572036628115836
2024-08-01,1.7746288895563942,1.7488007020451026,1.5684800177876184
2024-08-02,1.7680535022410215,1.7424660118615056,1.5626563943119751
2024-08-05,1.747532228636814,1.7225479816343665,1.544505638993539
2024-08-06,1.7423071493928204,1.717119464869069,1.5399539612191964
2024-08-07,1.7450012772930235,1.7198479078657607,1.5420903741918834
2024-08-08,1.7491625522786052,1.7238276853484387,1.5459278802978087
2024-08-09,1.7448882813717543,1.7196980162355708,1.5419600881120021
2024-08-12,1.7467781358884487,1.7215336483611177,1.5437233296032629
2024-08-13,1.7518158942988047,1.7264784419771282,1.5480679084472557
2024-08-14,1.7436552450015406,1.7185748337533815,1.540607951634317
2024-08-15,1.7605447346950793,1.735213728180112,1.5558730176589968
2024-08-16,1.7646347315996067,1.7394327696595824,1.559402869325185
2024-08-19,1.786058321578297,1.7605462188246819,1.578674713617169
2024-08-20,1.7711787540098998,1.74598005314631,1.5653706561613545
2024-08-21,1.7599928161319223,1.7349682565012958,1.5553890125033087
2024-08-22,1.7622364024145363,1.7371938025976694,1.557112226966352
2024-08-23,1.76369106307766,1.738500218122751,1.5583576115991506
2024-08-26,1.7668010050638248,1.7412096216428365,1.56081679793974
2024-08-27,1.769934423864524,1.7441986272517538,1.5634740918988137
2024-08-28,1.762654805881454,1.7366813902304605,1.5569210129502207
2024-08-29,1.7355496471030951,1.7096436954430738,1.5331136603021749
2024-08-30,1.731481977614607,1.707264668460603,1.5322150406701498
2024-09-02,1.7232605276228983,1.6994939188735885,1.5339762865623447
2024-09-03,1.7172015562215257,1.6934706406762865,1.5235522283969718
2024-09-04,1.71206197861125,1.688392966468465,1.5172445273304822
2024-09-05,1.7138211544714135,1.689979631077752,1.516211102140797
2024-09-06,1.699492094900848,1.6758587754905259,1.5055804765257377
2024-09-09,1.6753236067667665,1.651957855096347,1.4839440765809024
2024-09-10,1.6786010676966419,1.655527562872251,1.4887429445027582
2024-09-11,1.6569485561413162,1.633789034879516,1.4630463956851236
2024-09-12,1.6584020105591253,1.6354463761639664,1.4668027003212516
2024-09-13,1.6525870200917228,1.6296401057943528,1.4613768713997495
2024-09-18,1.6683995842803807,1.6452717705485709,1.4750527011124768
2024-09-19,1.6813228058367455,1.6580394916607055,1.4856073503125626
2024-09-20,1.6831961514122786,1.660197792239084,1.4885191970843892
2024-09-23,1.6978096585650484,1.674745802830927,1.5037904970854485
2024-09-24,1.7629180847532973,1.7390841005552105,1.5658253004631635
2024-09-25,1.78759343831597,1.7634901993694032,1.5877449708407316
2024-09-26,1.8568797248561801,1.8320344340969223,1.6484747672942672
2024-09-27,1.8869131229011855,1.8613354710866734,1.6689057707486308
2024-09-30,2.012902356490609,1.9858856918025378,1.7778448895283576
2024-10-08,2.05986271413549,2.032384505169226,1.8146094455079351
2024-10-09,1.909268331458023,1.8836551122815692,1.6825541634418941
2024-10-10,1.9577742676866026,1.9318093793434346,1.73309919928648
2024-10-11,1.9204949179243476,1.8952066968359582,1.7022997853857589
2024-10-14,1.9699317041616635,1.9444821667253935,1.7504605031235971
2024-10-15,1.9286644274188518,1.9037713208148306,1.7092895625938456
2024-10-16,1.9566824686938393,1.9315776719250048,1.730772852650788
2024-10-17,1.92902629074535,1.904110741584592,1.7014675621321202
2024-10-18,1.9511340943126123,1.9258488381233965,1.7221822707582333
2024-10-21,1.9386718298226078,1.913616365468133,1.7153439611302796
2024-10-22,1.95271780526534,1.9272359914435313,1.729091748943782
2024-10-23,1.9574253948961613,1.93188866344387,1.7311791364661895
2024-10-24,1.9448346075588778,1.9195280206122767,1.7230757330499455
2024-10-25,1.9512751673804718,1.9257236721606912,1.7231582696768144
2024-10-28,1.9637737712070684,1.9376745759452183,1.7281956680771924
2024-10-29,1.940588485301947,1.9150912959870623,1.709318897780778
2024-10-30,1.9239641846091668,1.898454954133527,1.6969238522197863
2024-10-31,1.917896097181004,1.900553210659605,1.6901751510883183
2024-11-01,1.9287551383184205,1.911361003054099,1.6994130244682606
2024-11-04,1.948245423528852,1.930689956537268,1.716299372115546
2024-11-05,1.969733589932729,1.9519614373121181,1.7349536853748473
2024-11-06,1.9609444870924049,1.9433175849298896,1.7275916679839296
2024-11-07,2.0089111528222796,1.9907301605739771,1.7689113209456488
2024-11-08,1.9868019724194903,1.9687928641871542,1.749395351334417
2024-11-11,1.9730229909715948,1.9552118632699114,1.7375337274886526
2024-11-12,1.965814724965157,1.947999818534732,1.7314422232618307
2024-11-13,1.975427255907907,1.9576018831034627,1.7391361847656062
2024-11-14,1.954637021989829,1.9370356994051696,1.72089730477104
2024-11-15,1.9482530474603474,1.9308083010971797,1.7157102905778183
2024-11-18,1.9580078081225376,1.9405121024098557,1.7238405174550189
2024-11-19,1.965909142075851,1.9483944528175188,1.731025509720217
2024-11-20,1.974049948854786,1.9564229376062052,1.7382706068014764
2024-11-21,1.9725276611701215,1.9549121285542221,1.7369990910445874
2024-11-22,1.9163083526794977,1.8992821791976635,1.6883200361992843
2024-11-25,1.9239604562338555,1.9069089067780571,1.6949444680156902
2024-11-26,1.9246015704200925,1.9075530212435223,1.6954958120989843
2024-11-27,1.9475568112680393,1.9302843939118788,1.7150524832271654
2024-11-28,1.939104860706149,1.9218758359709425,1.7077716132495042
2024-11-29,1.955797075034041,1.9383455118349182,1.7222148733577058
2024-12-02,1.9620300889208173,1.9444334595335717,1.7277746584213824
2024-12-03,1.978001710764806,1.9603694042634252,1.7412732625670921
2024-12-04,1.9788241772948245,1.9612639368816176,1.7419276831603419
2024-12-05,1.9742261107150743,1.956727990485837,1.7381656484421362
2024-12-06,1.995502168965016,1.9778038612535664,1.7565992694294283
2024-12-09,1.9996868371400227,1.9819665037536647,1.7598293625099135
2024-12-10,2.0047987479142733,1.9869350067650464,1.7641081844227064
2024-12-11,2.0187594271489693,2.000617380649754,1.7756993279688478
2024-12-12,2.040301470646006,2.021965652847954,1.7940239918512315
2024-12-13,2.0045349258176124,1.9865975067481623,1.7633744777063551
2024-12-16,2.019350746736871,2.00132462706398,1.7761567904365982
2024-12-17,2.008859223425304,1.990923319916973,1.7669643439052294
2024-12-18,2.0156233261911654,1.9976870236670414,1.7725976649709332
2024-12-19,2.004089073424036,1.9863174122117437,1.7627341845325983
2024-12-20,2.0023960054333796,1.9846374934688684,1.7612757240487302
2024-12-23,2.003291446720894,1.985623253092447,1.762074329575345
2024-12-24,2.029133096986159,2.011230401682667,1.7844236684542845
2024-12-25,2.036416369970363,2.018460850508751,1.7905481480872831
2024-12-26,2.0264683460601507,2.0086073276076153,1.781984995298444
2024-12-27,2.0337238785780736,2.015796708191342,1.78885193649271
2024-12-30,2.04403407334464,2.026101934974486,1.7976073453778645
2024-12-31,2.026889351702218,2.0106422263472425,1.7825103331947374
2025-01-02,1.984646136550193,1.9687091384918975,1.7456052977532888
2025-01-03,1.9657400011808475,1.9501275885627574,1.729781759639151
2025-01-06,1.9766955931118655,1.9610682463208282,1.7395080232309232
2025-01-07,1.973757880686635,1.9581573462805597,1.7365519645015013
2025-01-08,1.9807739389183372,1.964909357854013,1.7424193329046112
2025-01-09,1.9552128443097516,1.939600332070255,1.7202401325989929
2025-01-10,1.931039389398233,1.9156616986246526,1.6993106911848728
2025-01-13,1.9156545839475247,1.9004817819177369,1.6860640515977254
2025-01-14,1.9454621936375855,1.9300214444475825,1.7121863599812623
2025-01-15,1.9469055190970137,1.931349078245519,1.713184031216653
2025-01-16,1.9592092499313691,1.9433984267823083,1.7237341527514063
2025-01-17,1.9591943155227531,1.943329124081206,1.7240801363721843
2025-01-20,1.953653494079122,1.9379535854787426,1.7191316279598297
2025-01-21,1.9441275615078308,1.9285954060605908,1.710921013544946
2025-01-22,1.9222894233975083,1.9069691822203718,1.6916832743127028
2025-01-23,1.942002926669866,1.926312091539505,1.7088583959834962
2025-01-24,1.9513604002235867,1.9356162049061614,1.7168680877826001
2025-01-27,1.9764242713607916,1.9603118024878718,1.7385381333808423
2025-02-05,1.9422877301724142,1.9266399829181944,1.7090647279365148
2025-02-06,1.944336087522795,1.9287434963556627,1.7110108373895727
2025-02-07,1.9524920538341348,1.9367991412713141,1.7180897112045235
2025-02-10,1.9494095855314812,1.9338457889695442,1.7151707544424748
2025-02-11,1.9605322718840432,1.9447087410165942,1.7249072134306798
2025-02-12,1.9605024729379743,1.9446880980687193,1.7249312903753076
2025-02-13,1.9608203947129494,1.9450592412255567,1.7253252741295237
2025-02-14,1.9631915821019565,1.9473191092454052,1.7274521867510322
2025-02-17,1.9591876620313693,1.9433643500528452,1.7240615290600811
2025-02-18,1.9586315698681105,1.9425751209586304,1.7235022804963072
2025-02-19,1.9582458083022323,1.9421577124248268,1.723259648199043
2025-02-20,1.9534206628086062,1.9373773903529106,1.7189002364166734
2025-02-21,1.93868844983888,1.9229080550059303,1.7062756991087213
2025-02-24,1.940851100758697,1.9252402427599702,1.7084285445175444
2025-02-25,1.9218846849497513,1.9064158231880466,1.6919430416699344
2025-02-26,1.938827348598319,1.9231914557318164,1.7068235313726543
2025-02-27,1.9557910655360982,1.9397430911403557,1.7213060224597578
2025-02-28,1.9434768817069614,1.927564649236413,1.7104788424768542
2025-03-03,1.943487348606384,1.927615283301946,1.7105448907395904
2025-03-04,1.944599547926979,1.9286800444358951,1.7116929307090174
2025-03-05,1.956304588013008,1.940106437214516,1.7215492661025387
2025-03-06,1.9518921722494482,1.9359345835209518,1.7180568766224984
2025-03-07,1.9496530634173699,1.9337297379283866,1.7162158897773647
2025-03-10,1.9508620996042383,1.9349226664562844,1.7172220963797769
2025-03-11,1.9631125063500325,1.9469866821053246,1.7279226055320946
2025-03-12,1.9614096910159469,1.9454636966398857,1.7261813750767254
2025-03-13,1.968269774893976,1.9521428811522816,1.7320568524537192
2025-03-14,1.9903630306244033,1.9742742755296028,1.7518164392829558
2025-03-17,1.9964588066389846,1.980422806904028,1.7571290479820265
2025-03-18,1.9979815654745379,1.9820123168500627,1.7582239687700498
2025-03-19,2.0063275025495324,1.990169839402083,1.7651932210181305
2025-03-20,1.9957639002138763,1.979724163506659,1.756158120014906
2025-03-21,1.987530548568117,1.9715727488049044,1.7489898382077629
2025-03-24,1.9982890213668658,1.9821078710648152,1.7585058429935467
2025-03-25,2.0131783184245573,1.9967208797920686,1.7715525338057836
2025-03-26,2.0074147176004815,1.9909929494664942,1.7665519816551927
2025-03-27,2.0104356965654,1.9939220845918553,1.7690120565004785
2025-03-28,2.002155184944688,1.9856444300349592,1.7618659598105544
2025-03-31,2.0013623151580644,1.9844060132646124,1.76109573711047
2025-04-01,2.016910354088157,1.9997371082265016,1.7744798165539335
2025-04-02,2.024353571880754,2.006991287229929,1.7807350117603873
2025-04-03,2.029669894214772,2.0121466972533666,1.78552381095501
2025-04-07,1.9124969352514414,1.8958304546392741,1.6830152176630016
2025-04-08,1.9569946973672692,1.939865420274729,1.7217732097701741
2025-04-09,1.9636690200997324,1.9464342035974544,1.7275751757502773
2025-04-10,1.9752186766018995,1.9579418797751935,1.7374729940193512
2025-04-11,1.9649613028834854,1.9479538863134134,1.7285907664415825
2025-04-14,1.977689626905567,1.9606745346705878,1.739462653023833
2025-04-15,1.9933443265789108,1.97609828865902,1.7527988301661492
2025-04-16,2.0070759106130653,1.9893160738954434,1.7645758703914431
2025-04-17,2.009062811348924,1.99121723919357,1.7661918694877063
2025-04-18,2.007038749907939,1.9890712332489824,1.7644931439299876
2025-04-21,1.9997347863484953,1.9820074485068855,1.7580287747042949
2025-04-22,2.0142533445474102,1.9963875873445764,1.7703976869510363
2025-04-23,2.0024097323695975,1.9847564511766993,1.7604810787709584
2025-04-24,2.0167336850642927,1.9987625608545403,1.7730539882906182
2025-04-25,2.013547421378626,1.9957400699672327,1.7700396408792594
2025-04-28,2.012356709833033,1.9943051064145572,1.7689501812258988
2025-04-29,2.003310771593235,1.9854605769663092,1.761309805632124
2025-04-30,1.9816052931270103,1.9622971327930994,1.7425991855509568
2025-05-06,1.989511066851435,1.9700373157154862,1.7491792164834088
2025-05-07,2.004842161175318,1.9853918484111328,1.7624966785055085
2025-05-08,2.012129918717585,1.9926414548191964,1.7688481944808638
2025-05-09,2.0241617784757606,2.0048236959363095,1.7792865148021357
2025-05-12,2.0288573043779916,2.009441671530781,1.7836290601679525
2025-05-13,2.0436896287231994,2.024471340605619,1.7962481671210606
2025-05-14,2.0545044753300576,2.035343074996084,1.8058218893179256
2025-05-15,2.045296886399932,2.0260512995001725,1.7977183128025638
2025-05-16,2.036903676250243,2.0175645751735667,1.7902090315669812
2025-05-19,2.0421208445111576,2.0227913877347206,1.794591833150665
2025-05-20,2.050202639402174,2.030750469449972,1.8014654349962997
2025-05-21,2.0600589911346074,2.0405500502328526,1.8100789204863739
2025-05-22,2.0611706380147234,2.0418823657482674,1.811056899413194
2025-05-23,2.0447002604006657,2.025413995410841,1.7967948650383845
2025-05-26,2.0338363575902276,2.0145481922097925,1.7869451862131975
2025-05-27,2.0391118630290572,2.019829652723077,1.791129021439414
2025-05-28,2.048776162684977,2.0292282898897787,1.79918279706285
2025-05-29,2.050296357273856,2.0306937505488456,1.8007566967774453
2025-05-30,2.0535864951320555,2.0340583733692847,1.8039151192078307
2025-06-03,2.069389347924811,2.0502099715714457,1.8177654756238537
2025-06-04,2.0778775152182414,2.058567713787402,1.8250476632408834
2025-06-05,2.0617990179347916,2.042366380235583,1.8117334735942048
2025-06-06,2.0630611049520975,2.0436709242665567,1.8128885490982205
2025-06-09,2.067240731215151,2.0478474612548165,1.8166102462306897
2025-06-10,2.0717521686062716,2.0523340186156327,1.820750525470427
2025-06-11,2.07835719354948,2.058816007043752,1.8264321960806538
2025-06-12,2.0839818280900886,2.064564828744446,1.8311799933012336
2025-06-13,2.0692708773430506,2.049790170824297,1.81837685142246
2025-06-16,2.073738030600027,2.0545810336894643,1.8221669488680976
2025-06-17,2.073795873457839,2.054674557708733,1.8223153188480359
2025-06-18,2.0766628077370886,2.0579620511705956,1.8246924414538401
2025-06-19,2.06449749740752,2.0459992429875156,1.8143154347633603
2025-06-20,2.074425149790307,2.0559764239199416,1.8231130460071718
2025-06-23,2.0781598986172494,2.059866317699271,1.826118414383422
2025-06-24,2.086212761174907,2.067637851581594,1.8331388997998517
2025-06-25,2.0987896084747573,2.0801312680569874,1.8439827783021612
2025-06-26,2.1019812936766127,2.0834973245394846,1.8469164767266326
2025-06-27,2.0789350543169034,2.0603867882681732,1.826988156844157
2025-06-30,2.075926843224631,2.0572423364439407,1.824172011978455
2025-07-01,2.0940290325225943,2.0753962562273642,1.840026704780583
2025-07-02,2.1028098257437646,2.0844127077822527,1.8478740320598828
2025-07-03,2.107824640746575,2.0893671118121966,1.8523167627404227
2025-07-04,2.1213348084390455,2.1032065357300076,1.864194860936786
2025-07-07,2.1286038369178226,2.110442383476509,1.8703775796662812
2025-07-08,2.1286738856869727,2.110328329371413,1.8703893911499165
2025-07-09,2.136007451597651,2.1177038022075547,1.8768123160332122
2025-07-10,2.151623562622486,2.1331236101269315,1.8904402352792176
2025-07-11,2.13777476817233,2.119067049018755,1.8784102785596648
2025-07-14,2.1499421614518814,2.131283076374816,1.8890828403037037
2025-07-15,2.1336653407071116,2.115082658822399,1.8750800765380027
2025-07-16,2.132670709716602,2.113871119914526,1.8742079780158851
2025-07-17,2.1309354940402288,2.112036799298386,1.8726194943578933
2025-07-18,2.1408477086358877,2.1220095676236244,1.881171461329595
2025-07-21,2.147338024648418,2.1282613819463045,1.8870406995285345
2025-07-22,2.158012534404587,2.1386600584548114,1.8964593369091247
2025-07-23,2.156516627522475,2.1371591681806765,1.894904682405292
2025-07-24,2.1511701980865037,2.1315591826042204,1.8900985085053896
2025-07-25,2.1391560064531134,2.1195609205008696,1.8795999714764315
2025-07-28,2.1323296530368214,2.112977490026669,1.8735928185283686
2025-07-29,2.1204763362560763,2.1008813887130215,1.8632477760550432
2025-07-30,2.1333542631183677,2.1137101675181835,1.8745924100334992
2025-07-31,2.108438240817219,2.0888760992177566,1.8529279720763223
2025-08-01,2.1133328295812563,2.0937855360123767,1.8571901141859615
2025-08-04,2.1220145112035516,2.1023842194351716,1.8647741513500826
2025-08-05,2.1437273311839653,2.1240922670946754,1.8837044010475161
2025-08-06,2.1429394902599945,2.12324856446222,1.883062619161365
2025-08-07,2.1437310472918027,2.12403786656217,1.8835833716228507
2025-08-08,2.1460980563643677,2.126363106644805,1.885647916826929
2025-08-11,2.145394641002532,2.125461131820458,1.885040469448772
2025-08-12,2.1539907876583175,2.1338796415120345,1.8927233207641319
2025-08-13,2.149216585173469,2.128976259726944,1.888688400300046
2025-08-14,2.1395230485518324,2.1193123605161945,1.88026473209202
2025-08-15,2.1405421257165234,2.120061075571349,1.881103461315581
2025-08-18,2.150000016735443,2.129322909996417,1.88946941071239
2025-08-19,2.153991464394883,2.1332097165228125,1.892627738325142
2025-08-20,2.1658792342451094,2.144953772719555,1.902949057563906
2025-08-21,2.1736288050250208,2.152746562189292,1.9098999375273704
2025-08-22,2.1711187846371494,2.150188347002178,1.9078488943190328
2025-08-25,2.1914750209260334,2.170387719543695,1.925530236319695
2025-08-26,2.1911366386528646,2.1697604674452213,1.9252741772522832
2025-08-27,2.1484732559399013,2.1272852975554346,1.8878793793097717
2025-08-28,2.1523871237007306,2.131275611960632,1.890782497693095
2025-08-29,2.152036634336377,2.128795152217413,1.8906339847342695
2025-09-01,2.1508189783982736,2.127572862699867,1.8886612824705664
2025-09-02,2.1605264668265387,2.137250370347742,1.8959172265198037
2025-09-03,2.1373380556583754,2.1142950689273943,1.876949152083056
2025-09-04,2.139466852192602,2.11641756114137,1.8788234661504108
2025-09-05,2.146540385020827,2.123302653597355,1.8835284144417774
2025-09-08,2.1643202780124087,2.14090667072383,1.8979245725419014
2025-09-09,2.17425621119702,2.1507757047194227,1.9040991799201126
2025-09-10,2.171155949724019,2.1477355911010685,1.900791604034767
2025-09-11,2.1831637477220167,2.159582282372459,1.909757876163903
2025-09-12,2.170098150147259,2.1465486596298606,1.8951153518618096
2025-09-15,2.161568363980285,2.1381405751297007,1.8886804898202865
2025-09-16,2.152481071874474,2.129143022514639,1.8819713615608362
2025-09-17,2.154944889914729,2.1315371469459445,1.8882045425863971
2025-09-18,2.1169157509206507,2.0939061517990507,1.8570022919647335
2025-09-19,2.126542538427384,2.1033449408628297,1.8633802226765501
2025-09-22,2.110342783881782,2.0873505343180154,1.8487710881779849
2025-09-23,2.1178017903480453,2.0947844886708147,1.8536439272756187
2025-09-24,2.1280879717465697,2.1049527975018143,1.8608063552100393
2025-09-25,2.115006530599142,2.0919117494050163,1.849239487069378
2025-09-26,2.1155606909583744,2.092492686913946,1.8466585253804406
2025-09-29,2.119487459676906,2.0962724719108077,1.8500587809669253
2025-09-30,2.11158423740287,2.0884259802496574,1.843185571405407
2025-10-09,2.1300484767931342,2.106545265165285,1.8555103997430573
2025-10-10,2.1497849403970704,2.126260390902739,1.8678175305615956
2025-10-13,2.1471345873906627,2.12389234408863,1.8641903693778579
2025-10-14,2.173048774150706,2.149616804880357,1.8824746545738715
2025-10-15,2.185895875939677,2.162299109683612,1.8917408277110195
2025-10-16,2.1926803166791946,2.169127070738774,1.8991576127005578
2025-10-17,2.1839188446234066,2.1604383422328546,1.8832631096389911
2025-10-20,2.1843757963257797,2.160900105563117,1.8870296692784032
2025-10-21,2.1933786527687382,2.169763977102684,1.8976801902525684
2025-10-22,2.1977022253465113,2.1740475511412956,1.9006173561328532
2025-10-23,2.211740086634018,2.187800133591136,1.9125358737644196
2025-10-24,2.1982548810932596,2.1744706781537317,1.9012943849871515
2025-10-27,2.215365124021613,2.19129747564511,1.905368149577749
2025-10-28,2.208979769585562,2.1850474808749376,1.9017511592031042
2025-10-29,2.209969506782876,2.18574119734439,1.9045828366754909
2025-10-30,2.209517952611498,2.1853767075855535,1.9084663394283403
2025-10-31,2.208395416465635,2.1835323009199556,1.9080669691887837
2025-11-03,2.226615758475498,2.20166637886787,1.9227716187926103
2025-11-04,2.2307449968027098,2.20601006027186,1.926406171521441
2025-11-05,2.231955403513384,2.207235564058129,1.9274122408367222
2025-11-06,2.2436543561721125,2.218778961009286,1.9368891754931437
2025-11-07,2.247020057749156,2.222108728259665,1.939847982686531
2025-11-10,2.273680766930568,2.2485384875218637,1.9627079194944348
2025-11-11,2.2739822978926547,2.248777658222867,1.9632870745252626
2025-11-12,2.2816018233389275,2.2563840495675875,1.9695762308479547
2025-11-13,2.280416932979247,2.255157616058753,1.9683170523212443
2025-11-14,2.26840637631858,2.2433237502678876,1.9582486819748628
2025-11-17,2.2488216152268756,2.2238669718435826,1.9417524741604226
2025-11-18,2.2354557172143075,2.2106308177515572,1.9309472869020432
2025-11-19,2.240075246105782,2.215229414425499,1.9347945738407786
2025-11-20,2.2465416938939295,2.221679882917439,1.9405253721211342
2025-11-21,2.21659414521258,2.1919910784342904,1.9152574601494634
2025-11-24,2.2121153933574877,2.187405555384889,1.9112218649317272
2025-11-25,2.2209975558970885,2.1962325096530333,1.9188434541223534
2025-11-26,2.217440871190877,2.1927038330251447,1.9154077765762123
2025-11-27,2.225476552581201,2.2007186872620803,1.9219079582900598
2025-11-28,2.222375425272051,2.1975725655741707,1.9194823889458184
2025-12-01,2.236928254213922,2.212117348923221,1.9313547546506233
2025-12-02,2.2391219481669,2.2143563423591988,1.933409372766678
2025-12-03,2.2410155982816375,2.2161592572892674,1.9343698256590973
2025-12-04,2.2320344517712267,2.207298065786588,1.9265608990255734
2025-12-05,2.2296159900163,2.204745566447769,1.9244490213618868
2025-12-08,2.217920846109323,2.1931103081796404,1.9147392172792708
2025-12-09,2.2001191308959296,2.175538149831652,1.899846187534077
2025-12-10,2.2008470078208453,2.1762611602315958,1.9003058455015147
2025-12-11,2.1945399799407075,2.170098646767778,1.8948541868631803
2025-12-12,2.200094531272278,2.1754943945878127,1.8995102033157056
2025-12-15,2.2073981880871165,2.1827358163162636,1.90607789701758
2025-12-16,2.197734274912943,2.173183821809936,1.8982057308605476
2025-12-17,2.207864436822312,2.1831675924513045,1.9063649081740281
2025-12-18,2.223798579951282,2.1992188294682915,1.9197816802070606
2025-12-19,2.2269426071348297,2.2021155281236364,1.9225249521772079
2025-12-22,2.215559699268472,2.190757896475135,1.9130609453782508
2025-12-23,2.2147552903636414,2.1900544216896654,1.9124016508903523
2025-12-24,2.215689745218667,2.1909770243081224,1.9131992203637795
2025-12-25,2.2230970609236196,2.198302417360409,1.9197532073640624
2025-12-26,2.2209743468422434,2.1961442935920457,1.9175371685307825
2025-12-29,2.212343509368307,2.18779681580563,1.9108970530126879
2025-12-30,2.2085976090239194,2.184094756851729,1.907397166372457
2025-12-31,2.206007044958208,2.178964822172892,1.905353780666078
2026-01-05,2.213562111661767,2.1864206443986802,1.9119801299383403
2026-01-06,2.2254894543981063,2.198138863817315,1.9227281705030816
2026-01-07,2.2162158266008323,2.1890706400122864,1.9150200168815292
2026-01-08,2.2098316200780723,2.1827522773567325,1.9092689627394035
2026-01-09,2.214889430847565,2.1876687665795114,1.9139288882717216
2026-01-12,2.2212339326511032,2.194059530697928,1.9197460489231528
2026-01-13,2.2219943964737547,2.1948493469768704,1.9204081841414975
2026-01-14,2.202695758340925,2.1757136609385217,1.9041180417495147
2026-01-15,2.195367129130128,2.1684110187951577,1.897793678470253
2026-01-16,2.179068418179262,2.1521362467059544,1.884012590273959
2026-01-19,2.1857455247754327,2.1587252327241937,1.8895394614224859
2026-01-20,2.2120430238288358,2.18480009859513,1.9118579012045462
2026-01-21,2.192476690385443,2.1654070213995764,1.8953836825409143
2026-01-22,2.195791573014101,2.168583819538711,1.8983729433765208
2026-01-23,2.189577730561865,2.162261820339447,1.8928869588798256
2026-01-26,2.2002657192483617,2.172759607755529,1.9008392062171604
2026-01-27,2.188677968031936,2.161311108944029,1.8907191382741066
2026-01-28,2.1937584757461117,2.16624036543863,1.8952828185180657
2026-01-29,2.2382293222375744,2.2101802978115814,1.9341091807960553
2026-01-30,2.217530658731371,2.189757870564328,1.915742995582558
2026-02-02,2.1929930019813035,2.1654967236401053,1.8950336884638819
2026-02-03,2.202276842839826,2.1745500826358555,1.9028243921842425
2026-02-04,2.240062668959052,2.2119312061218848,1.9349364137063143
2026-02-05,2.2569173111247127,2.2288437769099896,1.9491961397171882
2026-02-06,2.2467718790394144,2.218836488374337,1.9404974580129537
2026-02-09,2.2591314195175514,2.231117710971517,1.950724277861866
2026-02-10,2.257586696729424,2.2297533924270794,1.9491888199994445
2026-02-11,2.263961556749336,2.2360876039184383,1.9548022995779004
2026-02-12,2.2488598602270167,2.221128656763579,1.9416526031759311
2026-02-13,2.2254118041191497,2.1979673928683066,1.9219842607186985
2026-02-24,2.2405405615832867,2.2128638515225596,1.9345731862374627
2026-02-25,2.240066687580859,2.21228777132353,1.9343869803622107
2026-02-26,2.235106251513309,2.2074680319132507,1.930017950743898
2026-02-27,2.246729189342685,2.2189131626942817,1.939536009193853
2026-03-02,2.263722490570587,2.235829061319292,1.9535205304482786
2026-03-03,2.2753228804712102,2.247461141749698,1.9632732925692218
2026-03-04,2.242881844929169,2.2153793731547964,1.935704178422322
2026-03-05,2.2485250806391734,2.2209402244397864,1.9402037183406
2026-03-06,2.263629012114701,2.235834861314179,1.953149400801739
2026-03-09,2.2530460433223327,2.2253010682058734,1.9439212097577039
2026-03-10,2.255837971904298,2.2280137989617033,1.9458609956415163
2026-03-11,2.27662455303876,2.2487203320089506,1.9629923436973835
2026-03-12,2.2948784599901906,2.266852723571251,1.9784000590342272
2026-03-13,2.292981978051677,2.26503998847014,1.9773559277141335
2026-03-16,2.2935892128927615,2.2656229522390423,1.9781438294565512
2026-03-17,2.294635811291505,2.2667178722515935,1.978898274083958
2026-03-18,2.2847998658075146,2.256976371057408,1.9705244461229696
2026-03-19,2.271962268310249,2.244286701209925,1.9595073922777342
2026-03-20,2.2630133326255732,2.2353671955289562,1.9515642781013385
2026-03-23,2.189655460754673,2.1627832771993085,1.8892375177887866
2026-03-24,2.228239299462612,2.2009841472247538,1.9220975946927152
2026-03-25,2.246444658560168,2.218966259974076,1.9373128514524398
2026-03-26,2.243886098857701,2.2164556320766784,1.9350013054675828
2026-03-27,2.2393608253753077,2.2119341822994443,1.9315847153032257
2026-03-30,2.2462434094716466,2.21876196230951,1.9372765789769388
2026-03-31,2.2473030053919754,2.2197518816142816,1.9379357037513374
2026-04-01,2.254875975480098,2.227134616504927,1.9441665034780145
2026-04-02,2.264153729388882,2.2362124359957387,1.9520017166488692
2026-04-03,2.2332706235043385,2.2056353143802943,1.9260708217584959
2026-04-07,2.2228747468840147,2.1952973021882367,1.9175394781811066
2026-04-08,2.2462177725483707,2.218394596197374,1.937490758846482
2026-04-09,2.224976970742782,2.1973629328092614,1.919002467620509
2026-04-10,2.2256267368263805,2.1979889837796445,1.9198436242718742
2026-04-13,2.221323144085466,2.1937031805124194,1.9163994523628147
2026-04-14,2.2292780000101873,2.2017166740699436,1.9231349609385144
2026-04-15,2.2448839361027013,2.217144310240169,1.9361436432596617
2026-04-16,2.246045269202426,2.218235885177311,1.9370035933358847
2026-04-17,2.2321289981940247,2.204513044889325,1.9249856171784216
2026-04-20,2.2400946132791146,2.21242144520988,1.9320343586234066
2026-04-21,2.2586592494359627,2.2307150656960486,1.947282173638892
2026-04-22,2.2508086756134738,2.2229220815573845,1.9407196857549835
2026-04-23,2.264761192870706,2.2366826710730168,1.952578590342836
2026-04-24,2.258905290849286,2.2308529427826116,1.9473748962748716
2026-04-27,2.2419342129455373,2.214040443252111,1.933760046264883
2026-04-28,2.2562319655532375,2.2281063699907815,1.9462148109863102
2026-04-29,2.272719950787721,2.2443463231521186,1.9604752147098392
2026-04-30,2.263877958006556,2.2353683795954526,1.9526518816726202
